-- phpMyAdmin SQL Dump
-- version 4.9.4
-- https://www.phpmyadmin.net/
--
-- Servidor: localhost
-- Tiempo de generación: 23-09-2020 a las 21:35:11
-- Versión del servidor: 5.6.48-88.0
-- Versión de PHP: 7.2.33

SET SQL_MODE = "NO_AUTO_VALUE_ON_ZERO";
SET AUTOCOMMIT = 0;
START TRANSACTION;
SET time_zone = "+00:00";


/*!40101 SET @OLD_CHARACTER_SET_CLIENT=@@CHARACTER_SET_CLIENT */;
/*!40101 SET @OLD_CHARACTER_SET_RESULTS=@@CHARACTER_SET_RESULTS */;
/*!40101 SET @OLD_COLLATION_CONNECTION=@@COLLATION_CONNECTION */;
/*!40101 SET NAMES utf8mb4 */;

--
-- Base de datos: `gg_prueba`
--

--
-- Volcado de datos para la tabla `configuracion`
--

-- Volcado de datos para la tabla `dri_boleta`
--


INSERT INTO `dri_boleta_actividades` (`id`, `id_boleta`, `id_actividad`, `base`, `alicuota`, `minimo`, `impuesto`, `activ_descr`) VALUES
(32, 10, 57, '10000.00', '0.01', '0.00', '100.00', '(*) 57 - FERRETERIA'),
(33, 10, 171, '4500.00', '0.01', '0.00', '50.00', '171 - VENTA DE ARTICULOS PARA EL HOGAR'),
(34, 11, 57, '123456.00', '0.01', '0.00', '1234.56', '(*) 57 - FERRETERIA'),
(35, 11, 171, '55554.00', '0.01', '0.00', '555.54', '171 - VENTA DE ARTICULOS PARA EL HOGAR'),
(36, 12, 57, '123456.00', '0.01', '0.00', '1234.56', '(*) 57 - FERRETERIA'),
(37, 12, 171, '55556.00', '0.01', '0.00', '555.56', '171 - VENTA DE ARTICULOS PARA EL HOGAR'),
(38, 12, 105, '887897.00', '0.01', '0.00', '8878.97', '105 - PINTURERIA'),
(39, 12, 107, '78787.00', '0.01', '0.00', '787.87', '107 - PLOMERO'),
(40, 12, 109, '8787877.00', '0.01', '0.00', '87878.77', '109 - PROVISION DE AGUA POTABLE'),
(41, 13, 57, '32423444.00', '0.01', '0.00', '324234.44', '(*) 57 - FERRETERIA'),
(42, 13, 171, '234234.00', '0.01', '0.00', '2342.34', '171 - VENTA DE ARTICULOS PARA EL HOGAR'),
(43, 13, 105, '98989898.00', '0.01', '0.00', '989898.98', '105 - PINTURERIA'),
(44, 13, 107, '34234.00', '0.01', '0.00', '342.34', '107 - PLOMERO'),
(45, 13, 109, '234234324.00', '0.01', '0.00', '2342343.24', '109 - PROVISION DE AGUA POTABLE'),
(51, 15, 171, '435435.00', '0.01', '0.00', '4354.35', '(*) 171 - VENTA DE ARTICULOS PARA EL HOGAR'),
(52, 15, 15, '34543.00', '0.01', '0.00', '345.43', '15 - ARTICULOS DE COTILLON'),
(53, 15, 177, '3455345.00', '0.01', '0.00', '34553.45', '177 - VENTA DE CARBON'),
(54, 15, 152, '345345.00', '0.01', '0.00', '3453.45', '152 - TAPICERIA'),
(55, 15, 109, '34545.00', '0.01', '0.00', '345.45', '109 - PROVISION DE AGUA POTABLE'),
(56, 15, 107, '4545.00', '0.01', '0.00', '45.45', '107 - PLOMERO'),
(57, 15, 105, '45453.00', '0.01', '0.00', '454.54', '105 - PINTURERIA'),
(58, 15, 100, '4545454.00', '0.01', '0.00', '45454.54', '100 - PERFUMERIA'),
(59, 15, 57, '687878.00', '0.01', '0.00', '6878.78', '57 - FERRETERIA Lorem Ipsum is simply dummy text of the printing and typesetting industry. Lorem Ipsum has been the industry\'s standard dummy text ever since the 1500s, when an unknown printer took a'),
(60, 15, 178, '32423432.00', '0.01', '0.00', '324234.32', '178 - VENTA DE CIGARRILLOS'),
(61, 11, 1, '213123.00', '0.22', '212.00', '46887.06', 'aasdasdasdasd'),
(62, 16, 171, '2500.00', '0.01', '0.00', '25.00', '(*) 171 - VENTA DE ARTICULOS PARA EL HOGAR'),
(63, 16, 15, '15000.00', '0.01', '0.00', '150.00', '15 - ARTICULOS DE COTILLON'),
(64, 16, 177, '0.00', '0.01', '0.00', '0.00', '177 - VENTA DE CARBON'),
(65, 16, 152, '2500.00', '0.01', '0.00', '25.00', '152 - TAPICERIA'),
(66, 16, 109, '0.00', '0.01', '0.00', '0.00', '109 - PROVISION DE AGUA POTABLE'),
(67, 16, 107, '0.00', '0.01', '0.00', '0.00', '107 - PLOMERO'),
(68, 16, 105, '0.00', '0.01', '0.00', '0.00', '105 - PINTURERIA'),
(69, 16, 100, '0.00', '0.01', '0.00', '0.00', '100 - PERFUMERIA'),
(70, 16, 57, '0.00', '0.01', '0.00', '0.00', '57 - FERRETERIA Lorem Ipsum is simply dummy text of the printing and typesetting industry. Lorem Ipsum has been the industry\'s standard dummy text ever since the 1500s, when an unknown printer took a'),
(71, 16, 178, '0.00', '0.01', '0.00', '0.00', '178 - VENTA DE CIGARRILLOS'),
(82, 18, 171, '0.00', '0.01', '0.00', '0.00', '(*) 171 - VENTA DE ARTICULOS PARA EL HOGAR'),
(83, 18, 15, '0.00', '0.01', '0.00', '0.00', '15 - ARTICULOS DE COTILLON'),
(84, 18, 177, '0.00', '0.01', '0.00', '0.00', '177 - VENTA DE CARBON'),
(85, 18, 152, '0.00', '0.01', '0.00', '0.00', '152 - TAPICERIA'),
(86, 18, 109, '0.00', '0.01', '0.00', '0.00', '109 - PROVISION DE AGUA POTABLE'),
(87, 18, 107, '0.00', '0.01', '0.00', '0.00', '107 - PLOMERO'),
(88, 18, 105, '0.00', '0.01', '0.00', '0.00', '105 - PINTURERIA'),
(89, 18, 100, '0.00', '0.01', '0.00', '0.00', '100 - PERFUMERIA'),
(90, 18, 57, '0.00', '0.01', '0.00', '0.00', '57 - FERRETERIA Lorem Ipsum is simply dummy text of the printing and typesetting industry. Lorem Ipsum has been the industry\'s standard dummy text ever since the 1500s, when an unknown printer took a '),
(91, 18, 178, '0.00', '0.01', '0.00', '0.00', '178 - VENTA DE CIGARRILLOS'),
(92, 19, 171, '25600.00', '0.01', '100.00', '256.00', '(*) 171 - VENTA DE ARTICULOS PARA EL HOGAR'),
(93, 19, 15, '25000.00', '0.01', '0.00', '250.00', '15 - ARTICULOS DE COTILLON'),
(94, 19, 57, '15155.00', '0.01', '0.00', '151.55', '57 - FERRETERIA'),
(95, 19, 100, '0.00', '0.01', '0.00', '0.00', '100 - PERFUMERIA'),
(96, 19, 105, '0.00', '0.01', '0.00', '0.00', '105 - PINTURERIA'),
(97, 19, 105, '0.00', '0.01', '0.00', '0.00', '105 - PINTURERIA'),
(98, 19, 107, '0.00', '0.01', '0.00', '0.00', '107 - PLOMERO'),
(99, 19, 109, '0.00', '0.01', '0.00', '0.00', '109 - PROVISION DE AGUA POTABLE'),
(100, 19, 152, '0.00', '0.01', '0.00', '0.00', '152 - TAPICERIA'),
(101, 19, 177, '0.00', '0.01', '0.00', '0.00', '177 - VENTA DE CARBON'),
(102, 19, 178, '0.00', '0.01', '0.00', '0.00', '178 - VENTA DE CIGARRILLOS'),
(103, 20, 171, '21321213.00', '0.01', '100.00', '213212.13', '(*) 171 - VENTA DE ARTICULOS PARA EL HOGAR'),
(104, 20, 15, '0.00', '0.01', '0.00', '0.00', '15 - ARTICULOS DE COTILLON'),
(105, 20, 177, '0.00', '0.01', '0.00', '0.00', '177 - VENTA DE CARBON'),
(106, 20, 152, '0.00', '0.01', '0.00', '0.00', '152 - TAPICERIA'),
(107, 20, 109, '0.00', '0.01', '0.00', '0.00', '109 - PROVISION DE AGUA POTABLE'),
(108, 20, 107, '0.00', '0.01', '0.00', '0.00', '107 - PLOMERO'),
(109, 20, 105, '0.00', '0.01', '0.00', '0.00', '105 - PINTURERIA'),
(110, 20, 100, '0.00', '0.01', '0.00', '0.00', '100 - PERFUMERIA'),
(111, 20, 57, '0.00', '0.01', '0.00', '0.00', '57 - FERRETERIA Lorem Ipsum is simply dummy text of the printing and typesetting industry. Lorem Ipsum has been the industry\'s standard dummy text ever since the 1500s, when an unknown printer took a'),
(112, 20, 178, '0.00', '0.01', '0.00', '0.00', '178 - VENTA DE CIGARRILLOS'),
(113, 21, 148, '25000.00', '0.01', '30.00', '250.00', '(*) 148 - TALLER MECANICO'),
(114, 22, 171, '25660.00', '0.01', '100.00', '256.60', '(*) 171 - VENTA DE ARTICULOS PARA EL HOGAR'),
(115, 22, 15, '52000.00', '0.01', '0.00', '520.00', '15 - ARTICULOS DE COTILLON'),
(116, 22, 57, '0.00', '0.01', '0.00', '0.00', '57 - FERRETERIA'),
(117, 22, 100, '0.00', '0.01', '0.00', '0.00', '100 - PERFUMERIA'),
(118, 22, 105, '0.00', '0.01', '0.00', '0.00', '105 - PINTURERIA'),
(119, 22, 105, '0.00', '0.01', '0.00', '0.00', '105 - PINTURERIA'),
(120, 22, 107, '0.00', '0.01', '0.00', '0.00', '107 - PLOMERO'),
(121, 22, 109, '0.00', '0.01', '0.00', '0.00', '109 - PROVISION DE AGUA POTABLE'),
(122, 22, 152, '0.00', '0.01', '0.00', '0.00', '152 - TAPICERIA'),
(123, 22, 177, '0.00', '0.01', '0.00', '0.00', '177 - VENTA DE CARBON'),
(124, 22, 178, '0.00', '0.01', '0.00', '0.00', '178 - VENTA DE CIGARRILLOS'),
(130, 24, 171, '50000.00', '0.01', '100.00', '500.00', '(*) 171 - VENTA DE ARTICULOS PARA EL HOGAR'),
(131, 24, 57, '0.00', '0.01', '0.00', '0.00', '57 - FERRETERIA'),
(132, 24, 105, '0.00', '0.01', '0.00', '0.00', '105 - PINTURERIA'),
(133, 24, 177, '0.00', '0.01', '0.00', '0.00', '177 - VENTA DE CARBON'),
(134, 24, 178, '0.00', '0.01', '0.00', '0.00', '178 - VENTA DE CIGARRILLOS'),
(135, 25, 171, '25000.00', '0.01', '100.00', '250.00', '(*) 171 - VENTA DE ARTICULOS PARA EL HOGAR'),
(136, 25, 15, '324324324.00', '0.01', '0.00', '0.00', '15 - ARTICULOS DE COTILLON'),
(137, 25, 57, '234234234.00', '0.01', '0.00', '0.00', '57 - FERRETERIA'),
(138, 25, 100, '0.00', '0.01', '0.00', '0.00', '100 - PERFUMERIA'),
(139, 25, 105, '0.00', '0.01', '0.00', '0.00', '105 - PINTURERIA'),
(140, 25, 105, '0.00', '0.01', '0.00', '0.00', '105 - PINTURERIA'),
(141, 25, 107, '0.00', '0.01', '0.00', '0.00', '107 - PLOMERO'),
(142, 25, 109, '0.00', '0.01', '0.00', '0.00', '109 - PROVISION DE AGUA POTABLE'),
(143, 25, 152, '0.00', '0.01', '0.00', '0.00', '152 - TAPICERIA'),
(144, 25, 177, '0.00', '0.01', '0.00', '0.00', '177 - VENTA DE CARBON'),
(145, 25, 178, '0.00', '0.01', '0.00', '0.00', '178 - VENTA DE CIGARRILLOS'),
(146, 26, 171, '55000.00', '0.01', '100.00', '550.00', '(*) 171 - VENTA DE ARTICULOS PARA EL HOGAR'),
(147, 26, 171, '60000.00', '0.01', '100.00', '600.00', '(*) 171 - VENTA DE ARTICULOS PARA EL HOGAR'),
(148, 26, 15, '0.00', '0.01', '0.00', '0.00', '15 - ARTICULOS DE COTILLON'),
(149, 26, 57, '0.00', '0.01', '0.00', '0.00', '57 - FERRETERIA'),
(150, 26, 57, '0.00', '0.01', '0.00', '0.00', '57 - FERRETERIA'),
(151, 26, 100, '0.00', '0.01', '0.00', '0.00', '100 - PERFUMERIA'),
(152, 26, 105, '0.00', '0.01', '0.00', '0.00', '105 - PINTURERIA'),
(153, 26, 105, '0.00', '0.01', '0.00', '0.00', '105 - PINTURERIA'),
(154, 26, 105, '0.00', '0.01', '0.00', '0.00', '105 - PINTURERIA'),
(155, 26, 107, '0.00', '0.01', '0.00', '0.00', '107 - PLOMERO'),
(156, 26, 109, '0.00', '0.01', '0.00', '0.00', '109 - PROVISION DE AGUA POTABLE'),
(157, 26, 152, '0.00', '0.01', '0.00', '0.00', '152 - TAPICERIA'),
(158, 26, 177, '0.00', '0.01', '0.00', '0.00', '177 - VENTA DE CARBON'),
(159, 26, 177, '0.00', '0.01', '0.00', '0.00', '177 - VENTA DE CARBON'),
(160, 26, 178, '0.00', '0.01', '0.00', '0.00', '178 - VENTA DE CIGARRILLOS'),
(161, 26, 178, '0.00', '0.01', '0.00', '0.00', '178 - VENTA DE CIGARRILLOS'),
(172, 29, 171, '1000.00', '0.01', '100.00', '100.00', '(*) 171 - VENTA DE ARTICULOS PARA EL HOGAR'),
(173, 29, 57, '1000.00', '0.01', '0.00', '10.00', '57 - FERRETERIA'),
(174, 29, 105, '2000.00', '0.01', '0.00', '20.00', '105 - PINTURERIA'),
(175, 29, 177, '4000.00', '0.01', '0.00', '40.00', '177 - VENTA DE CARBON'),
(176, 29, 178, '6000.00', '0.01', '0.00', '60.00', '178 - VENTA DE CIGARRILLOS'),
(187, 32, 171, '1250.00', '0.01', '100.00', '100.00', '(*) 171 - VENTA DE ARTICULOS PARA EL HOGAR'),
(188, 32, 57, '100000.00', '0.01', '0.00', '1000.00', '57 - FERRETERIA'),
(189, 32, 105, '455.00', '0.01', '0.00', '4.55', '105 - PINTURERIA'),
(190, 32, 177, '7895.00', '0.01', '0.00', '78.95', '177 - VENTA DE CARBON'),
(191, 32, 178, '0.00', '0.01', '0.00', '0.00', '178 - VENTA DE CIGARRILLOS'),
(197, 34, 171, '0.00', '0.01', '100.00', '100.00', '(*) 171 - VENTA DE ARTICULOS PARA EL HOGAR'),
(198, 34, 57, '0.00', '0.01', '0.00', '0.00', '57 - FERRETERIA'),
(199, 34, 105, '0.00', '0.01', '0.00', '0.00', '105 - PINTURERIA'),
(200, 34, 177, '0.00', '0.01', '0.00', '0.00', '177 - VENTA DE CARBON'),
(201, 34, 178, '0.00', '0.01', '0.00', '0.00', '178 - VENTA DE CIGARRILLOS');

--
-- Volcado de datos para la tabla `dri_cuota_actividad`
--

INSERT INTO `dri_cuota_actividad` (`id_cuota_actividad`, `id_padron`, `id_actividad`, `denominacion`, `codigo`, `alicuota`, `minimo`, `actividad_principal`, `id_cuota`) VALUES
(694, 1961, 57, 'FERRETERIA', '57', '0.01', '30.00', 'N', 162472),
(695, 1961, 171, 'VENTA DE ARTICULOS PARA EL HOGAR', '171', '0.01', '100.00', 'S', 162472),
(696, 1961, 105, 'PINTURERIA', '105', '0.01', '30.00', 'N', 162472),
(697, 1961, 107, 'PLOMERO', '107', '0.01', '30.00', 'N', 162472),
(698, 1961, 109, 'PROVISION DE AGUA POTABLE', '109', '0.01', '30.00', 'N', 162472),
(699, 1961, 100, 'PERFUMERIA', '100', '0.01', '30.00', 'N', 162472),
(700, 1961, 152, 'TAPICERIA', '152', '0.01', '30.00', 'N', 162472),
(701, 1961, 178, 'VENTA DE CIGARRILLOS', '178', '0.01', '30.00', 'N', 162472),
(702, 1961, 105, 'PINTURERIA', '105', '0.01', '30.00', 'N', 162472),
(703, 1961, 177, 'VENTA DE CARBON', '177', '0.01', '30.00', 'N', 162472),
(704, 1961, 15, 'ARTICULOS DE COTILLON', '15', '0.01', '30.00', 'N', 162472),
(705, 1974, 20, 'BAR', '20', '0.01', '30.00', 'S', 162473),
(706, 1964, 334, 'FABRICA ELEM SEG INDUSTRIAL', '335', '0.01', '30.00', 'S', 162474),
(707, 1965, 148, 'TALLER MECANICO', '148', '0.01', '30.00', 'S', 162475),
(708, 1977, 26, 'CARNICERIA', '26', '0.01', '30.00', 'S', 162476),
(709, 1978, 253, 'MAXI KIOSCO', '253', '0.01', '30.00', 'S', 162477),
(710, 2008, 135, 'SERVICIO Y ASESORAMIENTO AGROPECUARIO', '135', '0.01', '30.00', 'S', 162478),
(711, 2009, 240, 'VTA. AL P/MENOR DE PROD. DE ALMACEN', '240', '0.01', '30.00', 'S', 162479),
(712, 2010, 240, 'VTA. AL P/MENOR DE PROD. DE ALMACEN', '240', '0.01', '30.00', 'S', 162480),
(713, 2024, 161, 'TRANSPORTE DE HACIENDA', '161', '0.01', '30.00', 'S', 162481),
(714, 2025, 3, 'AGENCIA ESPARCIM JUEGOS DE AZAR Y APUEST', '3', '0.01', '30.00', 'S', 162482),
(715, 2027, 159, 'TRANSPORTE DE MERCADERIA', '159', '0.01', '30.00', 'S', 162483),
(716, 2028, 161, 'TRANSPORTE DE HACIENDA', '161', '0.01', '30.00', 'S', 162484),
(717, 2030, 85, 'LIBRERIA', '85', '0.01', '30.00', 'S', 162485),
(718, 2031, 157, 'TORNERIA', '157', '0.01', '30.00', 'S', 162486),
(719, 2032, 158, 'TRANSPORTE DE CARGAS', '158', '0.01', '30.00', 'S', 162487),
(720, 2033, 155, 'TIENDA', '155', '0.01', '30.00', 'S', 162488),
(721, 2034, 158, 'TRANSPORTE DE CARGAS', '158', '0.01', '30.00', 'S', 162489),
(722, 1969, 111, 'PROVISION DE LUZ ELECTRICA', '111', '0.01', '30.00', 'S', 162490),
(723, 2011, 27, 'CARPINTERIA', '27', '0.01', '30.00', 'S', 162491),
(724, 2012, 240, 'VTA. AL P/MENOR DE PROD. DE ALMACEN', '240', '0.01', '30.00', 'S', 162492),
(725, 2035, 158, 'TRANSPORTE DE CARGAS', '158', '0.01', '30.00', 'S', 162493),
(726, 2013, 27, 'CARPINTERIA', '27', '0.01', '30.00', 'S', 162494),
(727, 2014, 110, 'PROVISION DE GAS NATURAL', '110', '0.01', '30.00', 'S', 162495),
(728, 2015, 67, 'GOMERIA', '67', '0.01', '30.00', 'S', 162496),
(729, 2017, 194, 'VENTA DE SODA Y AGUA', '194', '0.01', '30.00', 'S', 162497),
(730, 2018, 158, 'TRANSPORTE DE CARGAS', '158', '0.01', '30.00', 'S', 162498),
(731, 2019, 1, 'ACOPIO DE CEREALES', '1', '0.01', '30.00', 'S', 162499),
(732, 2020, 96, 'PANADERIA', '96', '0.01', '30.00', 'S', 162500),
(733, 2037, 151, 'TALLER REPARACION DE IMPL.  AGRICOLAS', '151', '0.01', '30.00', 'S', 162501),
(734, 2038, 253, 'MAXI KIOSCO', '253', '0.01', '30.00', 'S', 162502),
(735, 2039, 57, 'FERRETERIA', '57', '0.01', '30.00', 'S', 162503),
(736, 2040, 108, 'PRODUCTOR AGROPECUARIO', '108', '0.01', '30.00', 'S', 162504),
(737, 2041, 57, 'FERRETERIA', '57', '0.01', '30.00', 'S', 162505),
(738, 2042, 290, 'MINIMERCADO', '291', '0.01', '30.00', 'S', 162506),
(739, 2043, 69, 'HELADERIA', '69', '0.01', '30.00', 'S', 162507),
(740, 2044, 155, 'TIENDA', '155', '0.01', '30.00', 'S', 162508),
(741, 2045, 163, 'TRANSPORTE GRAL. DE CARGAS', '163', '0.01', '30.00', 'S', 162509),
(742, 2046, 40, 'CORRALON', '40', '0.01', '30.00', 'S', 162510),
(743, 2047, 51, 'FABRICA DE MOSAICOS', '51', '0.01', '30.00', 'S', 162511),
(744, 2048, 155, 'TIENDA', '155', '0.01', '30.00', 'S', 162512),
(745, 2049, 257, 'VTA.  P/ MAYOR DE EQUIPOS INFORMATICOS', '257', '0.01', '30.00', 'S', 162513),
(746, 2050, 52, 'FABRICA DE MUEBLES', '52', '0.01', '30.00', 'S', 162514),
(747, 2051, 18, 'AUTOSERVICIO', '18', '0.01', '30.00', 'S', 162515),
(748, 2052, 205, 'VENTA DE PRENDAS DE VESTIR', '205', '0.01', '30.00', 'S', 162516),
(749, 2053, 56, 'FARMACIA', '56', '0.01', '30.00', 'S', 162517),
(750, 2054, 99, 'PELUQUERIA', '99', '0.01', '30.00', 'S', 162518),
(751, 2055, 99, 'PELUQUERIA', '99', '0.01', '30.00', 'S', 162519),
(752, 2057, 253, 'MAXI KIOSCO', '253', '0.01', '30.00', 'S', 162520),
(753, 2058, 301, 'VTA AL P/MENOR DE ART. VARIOS', '302', '0.01', '30.00', 'S', 162521),
(754, 2059, 240, 'VTA. AL P/MENOR DE PROD. DE ALMACEN', '240', '0.01', '30.00', 'S', 162522),
(755, 2060, 158, 'TRANSPORTE DE CARGAS', '158', '0.01', '30.00', 'S', 162523),
(756, 2062, 158, 'TRANSPORTE DE CARGAS', '158', '0.01', '30.00', 'S', 162524),
(757, 2063, 240, 'VTA. AL P/MENOR DE PROD. DE ALMACEN', '240', '0.01', '30.00', 'S', 162525),
(758, 2065, 212, 'SERVICIO DE ENZEÑANZAS N.C.P.', '212', '0.01', '30.00', 'S', 162526),
(759, 2066, 117, 'REMISES', '117', '0.01', '30.00', 'S', 162527),
(760, 2067, 171, 'VENTA DE ARTICULOS PARA EL HOGAR', '171', '0.01', '30.00', 'S', 162528),
(761, 2068, 163, 'TRANSPORTE GRAL. DE CARGAS', '163', '0.01', '30.00', 'S', 162529),
(762, 2069, 142, 'TALLER DE HERRERIA', '142', '0.01', '30.00', 'S', 162530),
(763, 2070, 210, 'VTA.ART.P/ LA CONST. DEL HOGAR', '210', '0.01', '30.00', 'S', 162531),
(764, 2071, 163, 'TRANSPORTE GRAL. DE CARGAS', '163', '0.01', '30.00', 'S', 162532),
(765, 2072, 73, 'INMOBILIARIA', '73', '0.01', '30.00', 'S', 162533),
(766, 2073, 26, 'CARNICERIA', '26', '0.01', '30.00', 'S', 162534),
(767, 2074, 137, 'SUPERMERCADO', '137', '0.01', '30.00', 'S', 162535),
(768, 2075, 333, 'VTA. DE FIAMBRES Y PROD.DE ROTISERIA', '334', '0.01', '30.00', 'S', 162536),
(769, 2077, 113, 'REGALERIA', '113', '0.01', '30.00', 'S', 162537),
(770, 2078, 334, 'FABRICA ELEM SEG INDUSTRIAL', '335', '0.01', '30.00', 'S', 162538),
(771, 2079, 65, 'GESTORIA DEL AUTOMOTOR', '65', '0.01', '30.00', 'S', 162539),
(772, 2080, 281, 'vta.p/mayor de prod.aliment. y bebidas', '282', '0.01', '30.00', 'S', 162540),
(773, 2397, 20, 'BAR', '20', '0.01', '30.00', 'S', 162541),
(774, 7257, 40, 'CORRALON', '40', '0.01', '30.00', 'S', 162542),
(775, 1961, 57, 'FERRETERIA', '57', '0.01', '30.00', 'N', 162543),
(776, 1961, 171, 'VENTA DE ARTICULOS PARA EL HOGAR', '171', '0.01', '100.00', 'S', 162543),
(777, 1961, 105, 'PINTURERIA', '105', '0.01', '30.00', 'N', 162543),
(778, 1961, 107, 'PLOMERO', '107', '0.01', '30.00', 'N', 162543),
(779, 1961, 109, 'PROVISION DE AGUA POTABLE', '109', '0.01', '30.00', 'N', 162543),
(780, 1961, 100, 'PERFUMERIA', '100', '0.01', '30.00', 'N', 162543),
(781, 1961, 152, 'TAPICERIA', '152', '0.01', '30.00', 'N', 162543),
(782, 1961, 178, 'VENTA DE CIGARRILLOS', '178', '0.01', '30.00', 'N', 162543),
(783, 1961, 105, 'PINTURERIA', '105', '0.01', '30.00', 'N', 162543),
(784, 1961, 177, 'VENTA DE CARBON', '177', '0.01', '30.00', 'N', 162543),
(785, 1961, 15, 'ARTICULOS DE COTILLON', '15', '0.01', '30.00', 'N', 162543),
(786, 1974, 20, 'BAR', '20', '0.01', '30.00', 'S', 162544),
(787, 1964, 334, 'FABRICA ELEM SEG INDUSTRIAL', '335', '0.01', '30.00', 'S', 162545),
(788, 1965, 148, 'TALLER MECANICO', '148', '0.01', '30.00', 'S', 162546),
(789, 1977, 26, 'CARNICERIA', '26', '0.01', '30.00', 'S', 162547),
(790, 1978, 253, 'MAXI KIOSCO', '253', '0.01', '30.00', 'S', 162548),
(791, 2008, 135, 'SERVICIO Y ASESORAMIENTO AGROPECUARIO', '135', '0.01', '30.00', 'S', 162549),
(792, 2009, 240, 'VTA. AL P/MENOR DE PROD. DE ALMACEN', '240', '0.01', '30.00', 'S', 162550),
(793, 2010, 240, 'VTA. AL P/MENOR DE PROD. DE ALMACEN', '240', '0.01', '30.00', 'S', 162551),
(794, 2024, 161, 'TRANSPORTE DE HACIENDA', '161', '0.01', '30.00', 'S', 162552),
(795, 2025, 3, 'AGENCIA ESPARCIM JUEGOS DE AZAR Y APUEST', '3', '0.01', '30.00', 'S', 162553),
(796, 2027, 159, 'TRANSPORTE DE MERCADERIA', '159', '0.01', '30.00', 'S', 162554),
(797, 2028, 161, 'TRANSPORTE DE HACIENDA', '161', '0.01', '30.00', 'S', 162555),
(798, 2030, 85, 'LIBRERIA', '85', '0.01', '30.00', 'S', 162556),
(799, 2031, 157, 'TORNERIA', '157', '0.01', '30.00', 'S', 162557),
(800, 2032, 158, 'TRANSPORTE DE CARGAS', '158', '0.01', '30.00', 'S', 162558),
(801, 2033, 155, 'TIENDA', '155', '0.01', '30.00', 'S', 162559),
(802, 2034, 158, 'TRANSPORTE DE CARGAS', '158', '0.01', '30.00', 'S', 162560),
(803, 1969, 111, 'PROVISION DE LUZ ELECTRICA', '111', '0.01', '30.00', 'S', 162561),
(804, 2011, 27, 'CARPINTERIA', '27', '0.01', '30.00', 'S', 162562),
(805, 2012, 240, 'VTA. AL P/MENOR DE PROD. DE ALMACEN', '240', '0.01', '30.00', 'S', 162563),
(806, 2035, 158, 'TRANSPORTE DE CARGAS', '158', '0.01', '30.00', 'S', 162564),
(807, 2013, 27, 'CARPINTERIA', '27', '0.01', '30.00', 'S', 162565),
(808, 2014, 110, 'PROVISION DE GAS NATURAL', '110', '0.01', '30.00', 'S', 162566),
(809, 2015, 67, 'GOMERIA', '67', '0.01', '30.00', 'S', 162567),
(810, 2017, 194, 'VENTA DE SODA Y AGUA', '194', '0.01', '30.00', 'S', 162568),
(811, 2018, 158, 'TRANSPORTE DE CARGAS', '158', '0.01', '30.00', 'S', 162569),
(812, 2019, 1, 'ACOPIO DE CEREALES', '1', '0.01', '30.00', 'S', 162570),
(813, 2020, 96, 'PANADERIA', '96', '0.01', '30.00', 'S', 162571),
(814, 2037, 151, 'TALLER REPARACION DE IMPL.  AGRICOLAS', '151', '0.01', '30.00', 'S', 162572),
(815, 2038, 253, 'MAXI KIOSCO', '253', '0.01', '30.00', 'S', 162573),
(816, 2039, 57, 'FERRETERIA', '57', '0.01', '30.00', 'S', 162574),
(817, 2040, 108, 'PRODUCTOR AGROPECUARIO', '108', '0.01', '30.00', 'S', 162575),
(818, 2041, 57, 'FERRETERIA', '57', '0.01', '30.00', 'S', 162576),
(819, 2042, 290, 'MINIMERCADO', '291', '0.01', '30.00', 'S', 162577),
(820, 2043, 69, 'HELADERIA', '69', '0.01', '30.00', 'S', 162578),
(821, 2044, 155, 'TIENDA', '155', '0.01', '30.00', 'S', 162579),
(822, 2045, 163, 'TRANSPORTE GRAL. DE CARGAS', '163', '0.01', '30.00', 'S', 162580),
(823, 2046, 40, 'CORRALON', '40', '0.01', '30.00', 'S', 162581),
(824, 2047, 51, 'FABRICA DE MOSAICOS', '51', '0.01', '30.00', 'S', 162582),
(825, 2048, 155, 'TIENDA', '155', '0.01', '30.00', 'S', 162583),
(826, 2049, 257, 'VTA.  P/ MAYOR DE EQUIPOS INFORMATICOS', '257', '0.01', '30.00', 'S', 162584),
(827, 2050, 52, 'FABRICA DE MUEBLES', '52', '0.01', '30.00', 'S', 162585),
(828, 2051, 18, 'AUTOSERVICIO', '18', '0.01', '30.00', 'S', 162586),
(829, 2052, 205, 'VENTA DE PRENDAS DE VESTIR', '205', '0.01', '30.00', 'S', 162587),
(830, 2053, 56, 'FARMACIA', '56', '0.01', '30.00', 'S', 162588),
(831, 2054, 99, 'PELUQUERIA', '99', '0.01', '30.00', 'S', 162589),
(832, 2055, 99, 'PELUQUERIA', '99', '0.01', '30.00', 'S', 162590),
(833, 2057, 253, 'MAXI KIOSCO', '253', '0.01', '30.00', 'S', 162591),
(834, 2058, 301, 'VTA AL P/MENOR DE ART. VARIOS', '302', '0.01', '30.00', 'S', 162592),
(835, 2059, 240, 'VTA. AL P/MENOR DE PROD. DE ALMACEN', '240', '0.01', '30.00', 'S', 162593),
(836, 2060, 158, 'TRANSPORTE DE CARGAS', '158', '0.01', '30.00', 'S', 162594),
(837, 2062, 158, 'TRANSPORTE DE CARGAS', '158', '0.01', '30.00', 'S', 162595),
(838, 2063, 240, 'VTA. AL P/MENOR DE PROD. DE ALMACEN', '240', '0.01', '30.00', 'S', 162596),
(839, 2065, 212, 'SERVICIO DE ENZEÑANZAS N.C.P.', '212', '0.01', '30.00', 'S', 162597),
(840, 2066, 117, 'REMISES', '117', '0.01', '30.00', 'S', 162598),
(841, 2067, 171, 'VENTA DE ARTICULOS PARA EL HOGAR', '171', '0.01', '30.00', 'S', 162599),
(842, 2068, 163, 'TRANSPORTE GRAL. DE CARGAS', '163', '0.01', '30.00', 'S', 162600),
(843, 2069, 142, 'TALLER DE HERRERIA', '142', '0.01', '30.00', 'S', 162601),
(844, 2070, 210, 'VTA.ART.P/ LA CONST. DEL HOGAR', '210', '0.01', '30.00', 'S', 162602),
(845, 2071, 163, 'TRANSPORTE GRAL. DE CARGAS', '163', '0.01', '30.00', 'S', 162603),
(846, 2072, 73, 'INMOBILIARIA', '73', '0.01', '30.00', 'S', 162604),
(847, 2073, 26, 'CARNICERIA', '26', '0.01', '30.00', 'S', 162605),
(848, 2074, 137, 'SUPERMERCADO', '137', '0.01', '30.00', 'S', 162606),
(849, 2075, 333, 'VTA. DE FIAMBRES Y PROD.DE ROTISERIA', '334', '0.01', '30.00', 'S', 162607),
(850, 2077, 113, 'REGALERIA', '113', '0.01', '30.00', 'S', 162608),
(851, 2078, 334, 'FABRICA ELEM SEG INDUSTRIAL', '335', '0.01', '30.00', 'S', 162609),
(852, 2079, 65, 'GESTORIA DEL AUTOMOTOR', '65', '0.01', '30.00', 'S', 162610),
(853, 2080, 281, 'vta.p/mayor de prod.aliment. y bebidas', '282', '0.01', '30.00', 'S', 162611),
(854, 2397, 20, 'BAR', '20', '0.01', '30.00', 'S', 162612),
(855, 7257, 40, 'CORRALON', '40', '0.01', '30.00', 'S', 162613),
(856, 6161, 1701, 'FABRICA DE MUEBLES', '0266A', '0.00', '100.00', 'S', 846747),
(857, 6162, 1688, 'FABRICA DE CARTON CORRUGADO', '0253A', '0.00', '100.00', 'S', 846748),
(858, 6162, 1524, 'CARTON CORRUGADO', '0089A', '0.00', '100.00', '', 846748),
(859, 6166, 2044, 'TORNERIA', '0609A', '0.00', '100.00', 'S', 846749),
(860, 6173, 1455, 'ALMACEN', '0020A', '0.00', '100.00', 'S', 846750),
(861, 6173, 2182, 'VERDULERIA', '0747A', '0.00', '100.00', '', 846750),
(862, 6174, 1731, 'FARMACIA', '0296A', '0.00', '100.00', 'S', 846751),
(863, 6174, 1866, 'PERFUMERIA', '0431A', '0.00', '100.00', '', 846751),
(864, 6175, 1752, 'FORRAJERIA', '0317A', '0.00', '100.00', 'S', 846752),
(865, 6182, 1516, 'CARNICERIA', '0081A', '0.00', '100.00', 'S', 846753),
(866, 6182, 1455, 'ALMACEN', '0020A', '0.00', '100.00', '', 846753),
(867, 6186, 1499, 'BAZAR - RELOJERIA', '0064A', '0.00', '100.00', 'S', 846754),
(868, 6186, 1911, 'REGALERIA', '0476A', '0.00', '100.00', '', 846754),
(869, 6195, 1646, 'ESTACION DE SERVICIO', '0211A', '0.00', '100.00', 'S', 846755),
(870, 6195, 2199, 'VTA LUBRICANTES, REPUESTOS, OT', '0764A', '0.00', '100.00', '', 846755),
(871, 6198, 1548, 'COMERCIALIZACION PROD. AGROP.', '0113A', '0.00', '100.00', 'S', 846756),
(872, 6198, 2194, 'VTA AGROQUIM,COMBUST, SEMILLAS', '0759A', '0.00', '100.00', '', 846756),
(873, 6200, 1445, 'ACOPIO DE CEREALES Y OT.', '0010A', '0.00', '100.00', 'S', 846757),
(874, 6205, 1455, 'ALMACEN', '0020A', '0.00', '100.00', 'S', 846758),
(875, 6205, 1516, 'CARNICERIA', '0081A', '0.00', '100.00', '', 846758),
(876, 6207, 1497, 'BAZAR', '0062A', '0.00', '100.00', 'S', 846759),
(877, 6209, 1703, 'FABRICA DE MUEBLES DE COCINA', '0268A', '0.00', '100.00', 'S', 846760),
(878, 6210, 2049, 'TRANSPORTE (CARGAS GENERALES)', '0614A', '0.00', '100.00', 'S', 846761),
(879, 6211, 1731, 'FARMACIA', '0296A', '0.00', '100.00', 'S', 846762),
(880, 6211, 1866, 'PERFUMERIA', '0431A', '0.00', '100.00', '', 846762),
(881, 6212, 1777, 'HORNO DE LADRILLOS', '0342A', '0.00', '100.00', 'S', 846763),
(882, 6220, 1455, 'ALMACEN', '0020A', '0.00', '100.00', 'S', 846764),
(883, 6220, 2172, 'VENTA VINO POR MAYOR', '0737A', '0.00', '100.00', '', 846764),
(884, 6227, 2060, 'TRANSPORTISTA', '0625A', '0.00', '100.00', 'S', 846765),
(885, 6229, 1701, 'FABRICA DE MUEBLES', '0266A', '0.00', '100.00', 'S', 846766),
(886, 6230, 1695, 'FABRICA DE HERRAJES', '0260A', '0.00', '100.00', 'S', 846767),
(887, 6233, 1617, 'DIST.DE FIAMBRES', '0182A', '0.00', '100.00', 'S', 846768),
(888, 6240, 1976, 'SERVICIO DE AGUA POTABLE', '0541A', '0.00', '100.00', 'S', 846769),
(889, 6240, 1858, 'PANTEON SOCIAL', '0423A', '0.00', '100.00', '', 846769),
(890, 6244, 2027, 'TALLER MECANICO', '0592A', '0.00', '100.00', 'S', 846770),
(891, 6245, 1635, 'ELECTRICIDAD AUTOMOTOR', '0200A', '0.00', '100.00', 'S', 846771),
(892, 6252, 2051, 'TRANSPORTE DE CARGAS', '0616A', '0.00', '100.00', 'S', 846772),
(893, 6254, 2189, 'VIDEO CABLE', '0754A', '0.00', '100.00', 'S', 846773),
(894, 6258, 1728, 'FABRICACION QUEMADORES DE GAS', '0293A', '0.00', '100.00', 'S', 846774),
(895, 6258, 1785, 'INSTALACION DE GAS', '0350A', '0.00', '100.00', '', 846774),
(896, 6259, 1639, 'EMPRESA DE VIALES Y TURISMO', '0204A', '0.00', '100.00', 'S', 846775),
(897, 6259, 2113, 'VENTA DE PASAJES', '0678A', '0.00', '100.00', '', 846775),
(898, 6268, 2009, 'TALLER DE CARPINTERIA', '0574A', '0.00', '100.00', 'S', 846776),
(899, 6271, 1516, 'CARNICERIA', '0081A', '0.00', '100.00', 'S', 846777),
(900, 6271, 1610, 'DESPENSA', '0175A', '0.00', '100.00', '', 846777),
(901, 6275, 2111, 'VENTA DE PAPAS Y CARBON', '0676A', '0.00', '100.00', 'S', 846778),
(902, 6276, 2060, 'TRANSPORTISTA', '0625A', '0.00', '100.00', 'S', 846779),
(903, 6279, 2048, 'TRANSPORTE', '0613A', '0.00', '100.00', 'S', 846780),
(904, 6282, 1693, 'FABRICA DE GALPONES TINGLADOS', '0258A', '0.00', '100.00', 'S', 846781),
(905, 6282, 1786, 'INVERNACULOS', '0351A', '0.00', '100.00', '', 846781),
(906, 6295, 1988, 'SERVICIO TECNICO ELECTRONICA', '0553A', '0.00', '100.00', 'S', 846782),
(907, 6299, 1731, 'FARMACIA', '0296A', '0.00', '100.00', 'S', 846783),
(908, 6299, 1440, 'ACCESORIOS', '0005A', '0.00', '100.00', '', 846783),
(909, 6300, 2272, 'VTA. PAPAS, FRUTAS Y VERDURAS', '0837A', '0.00', '100.00', 'S', 846784),
(910, 6303, 1777, 'HORNO DE LADRILLOS', '0342A', '0.00', '100.00', 'S', 846785),
(911, 6305, 1661, 'FAB PROD METALICOS DE TORNERIA', '0226A', '0.00', '100.00', 'S', 846786),
(912, 6305, 1659, 'FAB IMPL DE USO AGROPECUARIO', '0224A', '0.00', '100.00', '', 846786),
(913, 6308, 2060, 'TRANSPORTISTA', '0625A', '0.00', '100.00', 'S', 846787),
(914, 6311, 2060, 'TRANSPORTISTA', '0625A', '0.00', '100.00', 'S', 846788),
(915, 6312, 2060, 'TRANSPORTISTA', '0625A', '0.00', '100.00', 'S', 846789),
(916, 6313, 1701, 'FABRICA DE MUEBLES', '0266A', '0.00', '100.00', 'S', 846790),
(917, 6318, 1455, 'ALMACEN', '0020A', '0.00', '100.00', 'S', 846791),
(918, 6321, 1720, 'FABRICA Y VTA.DE SODA', '0285A', '0.00', '100.00', 'S', 846792),
(919, 6330, 2028, 'TALLER MECANICO AUTOMOTOR', '0593A', '0.00', '100.00', 'S', 846793),
(920, 6331, 1455, 'ALMACEN', '0020A', '0.00', '100.00', 'S', 846794),
(921, 6331, 1516, 'CARNICERIA', '0081A', '0.00', '100.00', '', 846794),
(922, 6338, 1767, 'GESTORIA', '0332A', '0.00', '100.00', 'S', 846795),
(923, 6339, 2268, 'VTA. MATERIALES PARA CONSTRUC.', '0833A', '0.00', '100.00', 'S', 846796),
(924, 6342, 1537, 'CLINICA PRIVADA', '0102A', '0.00', '100.00', 'S', 846797),
(925, 6345, 1481, 'AUTOSERVICIO', '0046A', '0.00', '100.00', 'S', 846798),
(926, 6345, 1488, 'BAR', '0053A', '0.00', '100.00', '', 846798),
(927, 6346, 1506, 'BOUTIQUE', '0071A', '0.00', '100.00', 'S', 846799),
(928, 6352, 1455, 'ALMACEN', '0020A', '0.00', '100.00', 'S', 846800),
(929, 6356, 1747, 'FERRETERIA', '0312A', '0.00', '100.00', 'S', 846801),
(930, 6356, 1874, 'PINTURERIA', '0439A', '0.00', '100.00', '', 846801),
(931, 6357, 2017, 'TALLER DE REFRIGERACION', '0582A', '0.00', '100.00', 'S', 846802),
(932, 6361, 2255, 'VTA. DE PRODUCTOS ALIMENTICIOS', '0820A', '0.00', '100.00', 'S', 846803),
(933, 6376, 2060, 'TRANSPORTISTA', '0625A', '0.00', '100.00', 'S', 846804),
(934, 6377, 1999, 'SODERIA', '0564A', '0.00', '100.00', 'S', 846805),
(935, 6377, 2178, 'VENTA Y REPARTO', '0743A', '0.00', '100.00', '', 846805),
(936, 6378, 1846, 'OFIC. CONTABLE IMPOSITIVA', '0411A', '0.00', '100.00', 'S', 846806),
(1230, 7139, 1436, '**', '0001A', '0.00', '100.00', '', 847048),
(1231, 7140, 1455, 'ALMACEN', '0020A', '0.00', '100.00', 'S', 847049),
(1232, 7140, 1516, 'CARNICERIA', '0081A', '0.00', '100.00', '', 847049),
(1233, 7142, 2350, 'VTAS.X MAYOR MERC. NCP', '0915A', '0.00', '100.00', 'S', 847050),
(1234, 7142, 2203, 'VTA X MAYOR Y MENOR FERRETERIA', '0768A', '0.00', '100.00', '', 847050),
(1235, 7144, 1913, 'REMIS', '0478A', '0.00', '100.00', 'S', 847051),
(1236, 7147, 1864, 'PELUQUERIA', '0429A', '0.00', '100.00', 'S', 847052),
(1237, 7148, 1733, 'FCA. CAJAS DE CARTON M Y C', '0298A', '0.00', '100.00', 'S', 847053),
(1238, 7150, 1799, 'KIOSCO', '0364A', '0.00', '100.00', 'S', 847054),
(1239, 7151, 1516, 'CARNICERIA', '0081A', '0.00', '100.00', 'S', 847055),
(1240, 7152, 1455, 'ALMACEN', '0020A', '0.00', '100.00', 'S', 847056),
(1241, 7152, 2182, 'VERDULERIA', '0747A', '0.00', '100.00', '', 847056),
(1242, 7153, 1986, 'SERVICIO DE TRASLADOS REMIS', '0551A', '0.00', '100.00', 'S', 847057),
(1243, 7154, 2226, 'VTA. ART. TEXTILES', '0791A', '0.00', '100.00', 'S', 847058),
(1244, 7156, 1837, 'MINIMARKET', '0402A', '0.00', '100.00', 'S', 847059),
(1245, 7156, 2190, 'VIDEO CLUB', '0755A', '0.00', '100.00', '', 847059),
(1246, 7157, 1776, 'HERRERIA', '0341A', '0.00', '100.00', 'S', 847060),
(1247, 7158, 1449, 'AGENCIA DE LOTERIAS', '0014A', '0.00', '100.00', 'S', 847061),
(1248, 7160, 2220, 'VTA. ART. DEL HOGAR', '0785A', '0.00', '100.00', 'S', 847062),
(1249, 7161, 1980, 'SERVICIO DE TRANSPORTE (FLETES', '0545A', '0.00', '100.00', 'S', 847063),
(1250, 7162, 1943, 'SALON DE VENTAS', '0508A', '0.00', '100.00', 'S', 847064),
(1251, 7165, 2027, 'TALLER MECANICO', '0592A', '0.00', '100.00', 'S', 847065),
(1252, 7166, 1928, 'REPARTO DE SODA', '0493A', '0.00', '100.00', 'S', 847066),
(1253, 7167, 2304, 'VTA. X MENOS PRENDAS DE VESTIR', '0869A', '0.00', '100.00', 'S', 847067),
(1254, 7169, 2099, 'VENTA DE HELADOS', '0664A', '0.00', '100.00', 'S', 847068),
(1255, 7169, 1899, 'PROMOCIONES VIA PUBLICA', '0464A', '0.00', '100.00', '', 847068),
(1256, 7170, 1943, 'SALON DE VENTAS', '0508A', '0.00', '100.00', 'S', 847069),
(1257, 7171, 1674, 'FABRIC. Y ARMADO DE MUEBLES', '0239A', '0.00', '100.00', 'S', 847070),
(1258, 7172, 1874, 'PINTURERIA', '0439A', '0.00', '100.00', 'S', 847071),
(1259, 7173, 2239, 'VTA. COMIDAS RAPIDAS', '0804A', '0.00', '100.00', 'S', 847072),
(1260, 7173, 1523, 'CARRITO', '0088A', '0.00', '100.00', '', 847072),
(1261, 7174, 1992, 'SERVICIOS DE CONTABILIDAD', '0557A', '0.00', '100.00', 'S', 847073),
(1262, 7175, 2239, 'VTA. COMIDAS RAPIDAS', '0804A', '0.00', '100.00', 'S', 847074),
(1263, 7175, 1523, 'CARRITO', '0088A', '0.00', '100.00', '', 847074),
(1264, 7176, 1466, 'ART. COTILLON Y REPOSTERIA', '0031A', '0.00', '100.00', 'S', 847075),
(1265, 7177, 1799, 'KIOSCO', '0364A', '0.00', '100.00', 'S', 847076),
(1266, 7178, 2083, 'VENTA DE ART. ALIMEN. RAPIDOS', '0648A', '0.00', '100.00', 'S', 847077),
(1267, 7178, 1523, 'CARRITO', '0088A', '0.00', '100.00', '', 847077),
(1268, 7179, 1578, 'COOP. DE TRABAJO', '0143A', '0.00', '100.00', 'S', 847078),
(1269, 7180, 1970, 'SERV.MANT. ESPACIOS VERDES', '0535A', '0.00', '100.00', 'S', 847079),
(1270, 7181, 2078, 'VENTA ART. PIROTECNICOS', '0643A', '0.00', '100.00', 'S', 847080),
(1271, 7182, 1799, 'KIOSCO', '0364A', '0.00', '100.00', 'S', 847081),
(1272, 7183, 1773, 'GRANJA', '0338A', '0.00', '100.00', 'S', 847082),
(1273, 7186, 1624, 'ELAB.ALIMENTOS P/ANIMALES', '0189A', '0.00', '100.00', 'S', 847083),
(1274, 7186, 1620, 'ELAB. ACEITE DE SOJA P/ P. E.', '0185A', '0.00', '100.00', '', 847083),
(1275, 7189, 1986, 'SERVICIO DE TRASLADOS REMIS', '0551A', '0.00', '100.00', 'S', 847084),
(1276, 7190, 1986, 'SERVICIO DE TRASLADOS REMIS', '0551A', '0.00', '100.00', 'S', 847085),
(1277, 7191, 1986, 'SERVICIO DE TRASLADOS REMIS', '0551A', '0.00', '100.00', 'S', 847086),
(1278, 7194, 1983, 'SERVICIO DE TRASLADO REMIS', '0548A', '0.00', '100.00', 'S', 847087),
(1279, 7195, 1983, 'SERVICIO DE TRASLADO REMIS', '0548A', '0.00', '100.00', 'S', 847088),
(1280, 7197, 1983, 'SERVICIO DE TRASLADO REMIS', '0548A', '0.00', '100.00', 'S', 847089),
(1281, 7198, 2182, 'VERDULERIA', '0747A', '0.00', '100.00', 'S', 847090),
(1282, 7198, 1763, 'FRUTERIA', '0328A', '0.00', '100.00', '', 847090),
(1283, 7203, 1592, 'CRIADERO DE CERDOS', '0157A', '0.00', '100.00', 'S', 847091),
(1284, 7204, 1916, 'REP. Y PINTURA DE CARROCERIAS', '0481A', '0.00', '100.00', 'S', 847092),
(1285, 7204, 1539, 'COLOC. GUARDABARRO Y PROT. EXT', '0104A', '0.00', '100.00', '', 847092),
(1286, 7205, 2053, 'TRANSPORTE DE CARGAS GRALES.', '0618A', '0.00', '100.00', 'S', 847093),
(1287, 7206, 1706, 'FABRICA DE PASTAS', '0271A', '0.00', '100.00', 'S', 847094),
(1288, 7207, 1999, 'SODERIA', '0564A', '0.00', '100.00', 'S', 847095),
(1289, 7208, 1962, 'SERV. GASTRONOMICO', '0527A', '0.00', '100.00', 'S', 847096),
(1290, 7211, 2070, 'VENTA AL X MAYOR DE MERCANCIA', '0635A', '0.00', '100.00', 'S', 847097),
(1291, 7212, 1943, 'SALON DE VENTAS', '0508A', '0.00', '100.00', 'S', 847098),
(1292, 7213, 1721, 'FABRICACION DE CALZADOS', '0286A', '0.00', '100.00', 'S', 847099),
(1293, 7216, 1664, 'FAB. CARPINTERIA METALICA', '0229A', '0.00', '100.00', 'S', 847100),
(1294, 7219, 2336, 'VTA.X MENOR CARNES ROJAS,MENUD', '0901A', '0.00', '100.00', 'S', 847101),
(1295, 7219, 1529, 'CHACINADOS FRESCOS', '0094A', '0.00', '100.00', '', 847101),
(1296, 7220, 1671, 'FAB. Y VTA. MAY. ART. LIMPIEZA', '0236A', '0.00', '100.00', 'S', 847102),
(1297, 7221, 2212, 'VTA. AL X MENOR ART. P/HOGAR', '0777A', '0.00', '100.00', 'S', 847103),
(1298, 7223, 1975, 'SERVICIO CLASIFICACIàN GRANOS', '0540A', '0.00', '100.00', 'S', 847104),
(1299, 7223, 1544, 'COM. Y FRACC. PROD. SUBPROD AG', '0109A', '0.00', '100.00', '', 847104),
(1300, 7225, 2219, 'VTA. ART. DE LIMPIEZA', '0784A', '0.00', '100.00', 'S', 847105),
(1301, 7228, 2195, 'VTA ART. LENCERIA, BLANCO', '0760A', '0.00', '100.00', 'S', 847106),
(1302, 7228, 1440, 'ACCESORIOS', '0005A', '0.00', '100.00', '', 847106),
(1303, 7229, 1587, 'CRIA DE CERDOS', '0152A', '0.00', '100.00', 'S', 847107),
(1304, 7231, 2170, 'VENTA TELEFONIA CELULAR', '0735A', '0.00', '100.00', 'S', 847108),
(1305, 7232, 1870, 'PESCADERIA', '0435A', '0.00', '100.00', 'S', 847109),
(1306, 7233, 1965, 'SERV. TRASLADO REMIS', '0530A', '0.00', '100.00', 'S', 847110),
(1307, 7234, 1968, 'SERV. TRASLADOS REMIS', '0533A', '0.00', '100.00', 'S', 847111),
(1308, 7235, 1968, 'SERV. TRASLADOS REMIS', '0533A', '0.00', '100.00', 'S', 847112),
(1309, 7236, 2302, 'VTA. X MENOR POLLOS', '0867A', '0.00', '100.00', 'S', 847113),
(1310, 7237, 1937, 'ROTISERIA', '0502A', '0.00', '100.00', 'S', 847114),
(1311, 7239, 1685, 'FABRICA DE CALZADOS', '0250A', '0.00', '100.00', 'S', 847115),
(1312, 7240, 1723, 'FABRICACION DE SODAS', '0288A', '0.00', '100.00', 'S', 847116),
(1313, 7240, 1630, 'ELABORACION DE HIELO', '0195A', '0.00', '100.00', '', 847116),
(1314, 7241, 2277, 'VTA. POR MENOR ART. COLECCION', '0842A', '0.00', '100.00', 'S', 847117),
(1315, 7241, 2036, 'TELEFONIA CPRA. VTA.', '0601A', '0.00', '100.00', '', 847117),
(1316, 7245, 1609, 'DESAGOTADORA', '0174A', '0.00', '100.00', 'S', 847118),
(1317, 7250, 2289, 'VTA. TELEFONIA CELULAR', '0854A', '0.00', '100.00', 'S', 847119),
(1318, 7253, 1739, 'FCA. ELAB. QUESOS', '0304A', '0.00', '100.00', 'S', 847120),
(1319, 7255, 1943, 'SALON DE VENTAS', '0508A', '0.00', '100.00', 'S', 847121),
(1320, 7257, 1886, 'POLLERIA', '0451A', '0.00', '100.00', 'S', 847122),
(1321, 7258, 2283, 'VTA. PRENDAS Y ACC. DE VESTIR', '0848A', '0.00', '100.00', 'S', 847123),
(1322, 7258, 1794, 'JUGUETERIA X MENOR Y MAYOR', '0359A', '0.00', '100.00', '', 847123),
(1323, 7261, 1670, 'FAB. Y COMERC. FERTILIZANTES', '0235A', '0.00', '100.00', 'S', 847124),
(1324, 7262, 1964, 'SERV. TRANSPORTE MERC. GRANEL', '0529A', '0.00', '100.00', 'S', 847125),
(1325, 7264, 2347, 'VTA.XMENOR PRENDAS Y ACC.VESTI', '0912A', '0.00', '100.00', 'S', 847126),
(1326, 7265, 2349, 'VTAS X MENOR PRENDAS DE VESTIR', '0914A', '0.00', '100.00', 'S', 847127),
(1327, 7265, 1441, 'ACCESORIOS DE VESTIR', '0006A', '0.00', '100.00', '', 847127),
(1328, 7267, 2335, 'VTA.X MENOR CALZADO,PREND.VEST', '0900A', '0.00', '100.00', 'S', 847128),
(1329, 7267, 1824, 'MARROQUINERIA Y ACCESORIOS', '0389A', '0.00', '100.00', '', 847128),
(1330, 7268, 1452, 'AGENTE DE VIAJES', '0017A', '0.00', '100.00', 'S', 847129),
(1331, 7269, 1448, 'AGENCIA DE LOTERIA', '0013A', '0.00', '100.00', 'S', 847130),
(1332, 7270, 1732, 'FCA. ABERTURAS DE ALUMINIO', '0297A', '0.00', '100.00', 'S', 847131),
(1333, 7272, 1736, 'FCA. CHACINADOS Y EMBUTIDOS', '0301A', '0.00', '100.00', 'S', 847132),
(1334, 7273, 1750, 'FLORERIA', '0315A', '0.00', '100.00', 'S', 847133),
(1335, 7274, 2241, 'VTA. COSAS MUEBLES X MENOR', '0806A', '0.00', '100.00', 'S', 847134),
(1336, 7275, 2088, 'VENTA DE CALZADO X MENOR', '0653A', '0.00', '100.00', 'S', 847135),
(1337, 7277, 2295, 'VTA. X MENOR ART. FERRETERIA', '0860A', '0.00', '100.00', 'S', 847136),
(1338, 7278, 1593, 'CRIADERO DE POLLOS PARRILLEROS', '0158A', '0.00', '100.00', 'S', 847137),
(1339, 7280, 2005, 'TALLER CHAPERIA Y PINTURA', '0570A', '0.00', '100.00', 'S', 847138),
(1340, 7281, 1842, 'MUEBLERIA VTAS. X MENOR', '0407A', '0.00', '100.00', 'S', 847139),
(1341, 7281, 1889, 'PRENDAS DE VESTIR VTAS.X MENOR', '0454A', '0.00', '100.00', '', 847139),
(1342, 7282, 2296, 'VTA. X MENOR ART. REGALERIA', '0861A', '0.00', '100.00', 'S', 847140),
(1343, 7282, 2035, 'TELEFONIA', '0600A', '0.00', '100.00', '', 847140),
(1344, 7283, 1738, 'FCA. DE MUEBLES Y PARTES DE MU', '0303A', '0.00', '100.00', 'S', 847141),
(1345, 7284, 1994, 'SERVICIOS INMOBILIARIOS', '0559A', '0.00', '100.00', 'S', 847142),
(1346, 7285, 2175, 'VENTA X MENOR INDUMENTARIA', '0740A', '0.00', '100.00', 'S', 847143),
(1347, 7286, 1864, 'PELUQUERIA', '0429A', '0.00', '100.00', 'S', 847144),
(1348, 7287, 2295, 'VTA. X MENOR ART. FERRETERIA', '0860A', '0.00', '100.00', 'S', 847145),
(1349, 7289, 1471, 'ART. PERFUMERIA, TOCADOR Y', '0036A', '0.00', '100.00', 'S', 847146),
(1350, 7289, 1584, 'COSMETICA', '0149A', '0.00', '100.00', '', 847146),
(1351, 7291, 2290, 'VTA. X MAYOR MERCANCIAS', '0855A', '0.00', '100.00', 'S', 847147),
(1352, 7293, 1941, 'SALON DE FIESTAS', '0506A', '0.00', '100.00', 'S', 847148),
(1353, 7293, 1653, 'EVENTOS INFANTILES', '0218A', '0.00', '100.00', '', 847148),
(1354, 7294, 2122, 'VENTA DE ROPA', '0687A', '0.00', '100.00', 'S', 847149),
(1355, 7295, 1569, 'CONST. ESTRUCTURAS METALICAS', '0134A', '0.00', '100.00', 'S', 847150),
(1356, 7297, 2027, 'TALLER MECANICO', '0592A', '0.00', '100.00', 'S', 847151),
(1357, 7298, 1801, 'KIOSCO Y POLIRRUBROS', '0366A', '0.00', '100.00', 'S', 847152),
(1358, 7298, 1879, 'PIZZERIA, FAST FOOD, BEBIDAS', '0444A', '0.00', '100.00', '', 847152),
(1359, 7299, 1701, 'FABRICA DE MUEBLES', '0266A', '0.00', '100.00', 'S', 847153),
(1360, 7300, 2027, 'TALLER MECANICO', '0592A', '0.00', '100.00', 'S', 847154),
(1361, 7300, 2047, 'TRABAJOS VARIOS', '0612A', '0.00', '100.00', '', 847154),
(1362, 7301, 1963, 'SERV. TELEFONIA, TV DIGITAL', '0528A', '0.00', '100.00', 'S', 847155),
(1363, 7301, 1580, 'CORREO ARG. PAGO FACIL', '0145A', '0.00', '100.00', '', 847155),
(1364, 7303, 2205, 'VTA X MENOR FRUTAS Y VERDURAS', '0770A', '0.00', '100.00', 'S', 847156),
(1365, 7303, 1462, 'ANEXOS', '0027A', '0.00', '100.00', '', 847156),
(1366, 7305, 1744, 'FCA.Y VTA. DE CHURROS', '0309A', '0.00', '100.00', 'S', 847157),
(1367, 7305, 1892, 'PROD. ART. DE PANADERIA', '0457A', '0.00', '100.00', '', 847157),
(1368, 7307, 1913, 'REMIS', '0478A', '0.00', '100.00', 'S', 847158),
(1369, 7307, 1956, 'SERV. DE TRASLADO DE PERSONAS', '0521A', '0.00', '100.00', '', 847158),
(1370, 7308, 2213, 'VTA. AL X MENOR CALZADOS', '0778A', '0.00', '100.00', 'S', 847159),
(1371, 7312, 1628, 'ELAB.PROD.DE PANADERIA N.C.P.', '0193A', '0.00', '100.00', 'S', 847160),
(1372, 7313, 1943, 'SALON DE VENTAS', '0508A', '0.00', '100.00', 'S', 847161),
(1373, 7314, 1592, 'CRIADERO DE CERDOS', '0157A', '0.00', '100.00', 'S', 847162),
(1374, 7315, 2239, 'VTA. COMIDAS RAPIDAS', '0804A', '0.00', '100.00', 'S', 847163),
(1375, 7315, 1523, 'CARRITO', '0088A', '0.00', '100.00', '', 847163),
(1376, 7316, 1853, 'PANADERIA', '0418A', '0.00', '100.00', 'S', 847164),
(1377, 7316, 1937, 'ROTISERIA', '0502A', '0.00', '100.00', '', 847164),
(1378, 7317, 2208, 'VTA X MENOR PRENDAS DE VESTIR', '0773A', '0.00', '100.00', 'S', 847165),
(1379, 7317, 1440, 'ACCESORIOS', '0005A', '0.00', '100.00', '', 847165),
(1380, 7318, 2208, 'VTA X MENOR PRENDAS DE VESTIR', '0773A', '0.00', '100.00', 'S', 847166),
(1381, 7319, 1775, 'HELADERIA', '0340A', '0.00', '100.00', 'S', 847167),
(1382, 7321, 1878, 'PIZZERIA', '0443A', '0.00', '100.00', 'S', 847168),
(1383, 7322, 2208, 'VTA X MENOR PRENDAS DE VESTIR', '0773A', '0.00', '100.00', 'S', 847169),
(1384, 7323, 1481, 'AUTOSERVICIO', '0046A', '0.00', '100.00', 'S', 847170),
(1385, 7324, 1516, 'CARNICERIA', '0081A', '0.00', '100.00', 'S', 847171),
(1386, 7326, 1455, 'ALMACEN', '0020A', '0.00', '100.00', 'S', 847172),
(1387, 7327, 1721, 'FABRICACION DE CALZADOS', '0286A', '0.00', '100.00', 'S', 847173),
(1388, 7328, 2266, 'VTA. MAT CONST. Y OTRO SERV.', '0831A', '0.00', '100.00', 'S', 847174),
(1389, 7330, 1885, 'POLIRRUBROS', '0450A', '0.00', '100.00', 'S', 847175),
(1390, 7330, 1852, 'PAGO FACIL', '0417A', '0.00', '100.00', '', 847175),
(1391, 7331, 2214, 'VTA. AL X MENOR INDUMENTARIA', '0779A', '0.00', '100.00', 'S', 847176),
(1392, 7331, 1440, 'ACCESORIOS', '0005A', '0.00', '100.00', '', 847176),
(1393, 7332, 1451, 'AGENCIA DE VIAJES Y TURISMO', '0016A', '0.00', '100.00', 'S', 847177),
(1394, 7332, 1483, 'AVT', '0048A', '0.00', '100.00', '', 847177),
(1395, 7333, 1781, 'INDUSTRIA METALURGICA', '0346A', '0.00', '100.00', 'S', 847178),
(1396, 7334, 2217, 'VTA. ART. BAZAR', '0782A', '0.00', '100.00', 'S', 847179),
(1397, 7334, 2223, 'VTA. ART. LIMPIEZA', '0788A', '0.00', '100.00', '', 847179),
(1398, 7335, 1943, 'SALON DE VENTAS', '0508A', '0.00', '100.00', 'S', 847180),
(1399, 7335, 2352, 'VTAS.X MENOR PRENDAS Y ACC.', '0917A', '0.00', '100.00', '', 847180),
(1400, 7336, 2221, 'VTA. ART. DEPORTES', '0786A', '0.00', '100.00', 'S', 847181),
(1401, 7338, 2240, 'VTA. COSA MUEBLES, ROPA, CALZ.', '0805A', '0.00', '100.00', 'S', 847182),
(1402, 7338, 1440, 'ACCESORIOS', '0005A', '0.00', '100.00', '', 847182),
(1403, 7340, 2291, 'VTA. X MAYOR Y MENOR CALZADO', '0856A', '0.00', '100.00', 'S', 847183),
(1404, 7342, 2328, 'VTA.X MAYOR CEREALES-ALIM.ANIM', '0893A', '0.00', '100.00', 'S', 847184),
(1405, 7342, 2223, 'VTA. ART. LIMPIEZA', '0788A', '0.00', '100.00', '', 847184),
(1406, 7343, 2337, 'VTA.X MENOR COMIDAS CASERAS', '0902A', '0.00', '100.00', 'S', 847185),
(1407, 7344, 2044, 'TORNERIA', '0609A', '0.00', '100.00', 'S', 847186),
(1408, 7345, 2329, 'VTA.X MAYOR Y MENOR MAQ.Y HERR', '0894A', '0.00', '100.00', 'S', 847187),
(1409, 7348, 1738, 'FCA. DE MUEBLES Y PARTES DE MU', '0303A', '0.00', '100.00', 'S', 847188),
(1410, 7350, 1862, 'PA¥ALERA, ART. VS P/NI¥OS', '0427A', '0.00', '100.00', 'S', 847189),
(1411, 7352, 1951, 'SERV. ARMADO CALZADO', '0516A', '0.00', '100.00', 'S', 847190),
(1412, 7354, 1968, 'SERV. TRASLADOS REMIS', '0533A', '0.00', '100.00', 'S', 847191),
(1413, 7355, 1747, 'FERRETERIA', '0312A', '0.00', '100.00', 'S', 847192),
(1414, 7356, 1965, 'SERV. TRASLADO REMIS', '0530A', '0.00', '100.00', 'S', 847193),
(1415, 7357, 1965, 'SERV. TRASLADO REMIS', '0530A', '0.00', '100.00', 'S', 847194),
(1416, 7358, 1968, 'SERV. TRASLADOS REMIS', '0533A', '0.00', '100.00', 'S', 847195),
(1417, 7359, 1968, 'SERV. TRASLADOS REMIS', '0533A', '0.00', '100.00', 'S', 847196),
(1418, 7360, 1968, 'SERV. TRASLADOS REMIS', '0533A', '0.00', '100.00', 'S', 847197),
(1419, 7362, 1965, 'SERV. TRASLADO REMIS', '0530A', '0.00', '100.00', 'S', 847198),
(1420, 7363, 1779, 'IMPRENTA', '0344A', '0.00', '100.00', 'S', 847199),
(1421, 7365, 1986, 'SERVICIO DE TRASLADOS REMIS', '0551A', '0.00', '100.00', 'S', 847200),
(1422, 7366, 2330, 'VTA.X MENOR ART. ALMACEN', '0895A', '0.00', '100.00', 'S', 847201),
(1423, 7367, 2345, 'VTA.X MENOR ROPA E INDUMENTARI', '0910A', '0.00', '100.00', 'S', 847202),
(1424, 7368, 1775, 'HELADERIA', '0340A', '0.00', '100.00', 'S', 847203),
(1425, 7369, 2002, 'SUPERMERCADO', '0567A', '0.00', '100.00', 'S', 847204),
(1426, 7370, 2342, 'VTA.X MENOR PROD.ALMACEN Y DIE', '0907A', '0.00', '100.00', 'S', 847205),
(1427, 7371, 2339, 'VTA.X MENOR MUEBLES DE MADERA', '0904A', '0.00', '100.00', 'S', 847206),
(1428, 7372, 1516, 'CARNICERIA', '0081A', '0.00', '100.00', 'S', 847207),
(1429, 7373, 1789, 'JARDIN MATERNAL', '0354A', '0.00', '100.00', 'S', 847208),
(1430, 7374, 1667, 'FAB. MALETAS, BOLSOS DE MANO Y', '0232A', '0.00', '100.00', 'S', 847209),
(1431, 7376, 2236, 'VTA. CALZADOS X MAYOR Y MENOR', '0801A', '0.00', '100.00', 'S', 847210),
(1432, 7377, 1737, 'FCA. DE CALZADOS', '0302A', '0.00', '100.00', 'S', 847211),
(1433, 7378, 1999, 'SODERIA', '0564A', '0.00', '100.00', 'S', 847212),
(1434, 7378, 1640, 'ENVASADO DE AGUA P/CONSUMO', '0205A', '0.00', '100.00', '', 847212),
(1435, 7379, 2026, 'TALLER MECANICA AUTOMOTOR', '0591A', '0.00', '100.00', 'S', 847213),
(1436, 7380, 2076, 'VENTA ART. P/BEBES', '0641A', '0.00', '100.00', 'S', 847214),
(1437, 7381, 1802, 'KIOSCO-LIBRERIA', '0367A', '0.00', '100.00', 'S', 847215),
(1438, 7383, 2193, 'VTA ABONOS, FERTILIZANTES Y PL', '0758A', '0.00', '100.00', 'S', 847216),
(1439, 7384, 2046, 'TORNERIA/MATRICERIA', '0611A', '0.00', '100.00', 'S', 847217),
(1440, 7385, 1663, 'FAB. ALIMENTOS P/ANIMALES Y DE', '0228A', '0.00', '100.00', 'S', 847218),
(1441, 7386, 1615, 'DISCOTECA', '0180A', '0.00', '100.00', 'S', 847219),
(1442, 7388, 1747, 'FERRETERIA', '0312A', '0.00', '100.00', 'S', 847220),
(1443, 7389, 1741, 'FCA. MUEBLES DE COCINA Y MESAD', '0306A', '0.00', '100.00', 'S', 847221),
(1444, 7390, 1984, 'SERVICIO DE TRASLADOS', '0549A', '0.00', '100.00', 'S', 847222),
(1445, 7390, 1913, 'REMIS', '0478A', '0.00', '100.00', '', 847222),
(1446, 7392, 2065, 'TRATAMIENTO CONTROL PLAGAS', '0630A', '0.00', '100.00', 'S', 847223),
(1447, 7393, 2050, 'TRANSPORTE AUTOMOTOR DE CARGAS', '0615A', '0.00', '100.00', 'S', 847224),
(1448, 7394, 1863, 'PELADERO DE PAPAS', '0428A', '0.00', '100.00', 'S', 847225),
(1449, 7395, 2243, 'VTA. DE COSAS MUEBLES', '0808A', '0.00', '100.00', 'S', 847226),
(1450, 7396, 1916, 'REP. Y PINTURA DE CARROCERIAS', '0481A', '0.00', '100.00', 'S', 847227),
(1451, 7398, 1460, 'ALMACEN, REGALERIA, LIBRERIA.', '0025A', '0.00', '100.00', 'S', 847228),
(1452, 7399, 2179, 'VENTAS DE INDUMENTARIAS', '0744A', '0.00', '100.00', 'S', 847229),
(1453, 7400, 2188, 'VIAJES Y TURISMO', '0753A', '0.00', '100.00', 'S', 847230),
(1454, 7401, 1918, 'REP.Y COLOCACION CARROCERIAS', '0483A', '0.00', '100.00', 'S', 847231),
(1455, 7401, 1540, 'COLOC. GUARDABARROS Y PROT.EXT', '0105A', '0.00', '100.00', '', 847231),
(1456, 7402, 2242, 'VTA. DE CARNES Y SUBPRODUCTOS', '0807A', '0.00', '100.00', 'S', 847232),
(1457, 7403, 1991, 'SERVICIOS COOPERATIVOS', '0556A', '0.00', '100.00', 'S', 847233),
(1458, 7405, 2071, 'VENTA AL X MENOR MINIMERCADO', '0636A', '0.00', '100.00', 'S', 847234),
(1459, 7406, 2301, 'VTA. X MENOR JUGUETES', '0866A', '0.00', '100.00', 'S', 847235),
(1460, 7406, 2294, 'VTA. X MENOR ART. COTILLON', '0859A', '0.00', '100.00', '', 847235),
(1461, 7407, 2177, 'VENTA X MENOR ROPA', '0742A', '0.00', '100.00', 'S', 847236),
(1462, 7408, 1508, 'BRASERIA', '0073A', '0.00', '100.00', 'S', 847237),
(1463, 7410, 1878, 'PIZZERIA', '0443A', '0.00', '100.00', 'S', 847238),
(1464, 7411, 2298, 'VTA. X MENOR DE PRENDAS Y ACCS', '0863A', '0.00', '100.00', 'S', 847239),
(1465, 7412, 2344, 'VTA.X MENOR PROD.COSMETICOS Y', '0909A', '0.00', '100.00', 'S', 847240),
(1466, 7412, 1866, 'PERFUMERIA', '0431A', '0.00', '100.00', '', 847240),
(1467, 7413, 2204, 'VTA X MENOR CALZADO DEPORTIVO', '0769A', '0.00', '100.00', 'S', 847241),
(1468, 7414, 1955, 'SERV. DE RECEP DE APUESTAS QUI', '0520A', '0.00', '100.00', 'S', 847242),
(1469, 7415, 1812, 'LIBRERIA', '0377A', '0.00', '100.00', 'S', 847243),
(1470, 7415, 2297, 'VTA. X MENOR COSAS MUEBLES', '0862A', '0.00', '100.00', '', 847243),
(1471, 7416, 1481, 'AUTOSERVICIO', '0046A', '0.00', '100.00', 'S', 847244),
(1472, 7417, 2343, 'VTA.X MENOR PROD.CONFITERIA', '0908A', '0.00', '100.00', 'S', 847245),
(1473, 7417, 1798, 'JUGUETES Y ART.COTILLON', '0363A', '0.00', '100.00', '', 847245),
(1474, 7418, 1775, 'HELADERIA', '0340A', '0.00', '100.00', 'S', 847246),
(1475, 7419, 1966, 'SERV. TRASLADOS', '0531A', '0.00', '100.00', 'S', 847247),
(1476, 7419, 1913, 'REMIS', '0478A', '0.00', '100.00', '', 847247),
(1477, 7422, 1967, 'SERV. TRASLADOS (REMIS)', '0532A', '0.00', '100.00', 'S', 847248),
(1478, 7424, 2225, 'VTA. ART. REGALERIA', '0790A', '0.00', '100.00', 'S', 847249),
(1479, 7425, 1734, 'FCA. CARPINTERIA METALICA', '0299A', '0.00', '100.00', 'S', 847250),
(1480, 7426, 1743, 'FCA. PROD. DE VIDRIO', '0308A', '0.00', '100.00', 'S', 847251),
(1481, 7427, 1959, 'SERV. DE TRASLADOS REMIS', '0524A', '0.00', '100.00', 'S', 847252),
(1482, 7428, 1799, 'KIOSCO', '0364A', '0.00', '100.00', 'S', 847253),
(1483, 7429, 2024, 'TALLER HERRERIA Y VIDRIERIA', '0589A', '0.00', '100.00', 'S', 847254),
(1484, 7430, 1780, 'INDUMENTARIA INFANTIL', '0345A', '0.00', '100.00', 'S', 847255),
(1485, 7431, 1474, 'ART.DEL HOGAR Y EQUIP.COMERC.', '0039A', '0.00', '100.00', 'S', 847256),
(1486, 7432, 1961, 'SERV. DISE¥O ESPECIALIZADO', '0526A', '0.00', '100.00', 'S', 847257),
(1487, 7433, 2209, 'VTA X MENOR PRENDAS Y ACC VEST', '0774A', '0.00', '100.00', 'S', 847258),
(1488, 7434, 2202, 'VTA REP MOTOS Y ACCESORIOS', '0767A', '0.00', '100.00', 'S', 847259),
(1489, 7434, 1793, 'JUGUETERIA', '0358A', '0.00', '100.00', '', 847259),
(1490, 7435, 2332, 'VTA.X MENOR ART.MARROQ.PARAGUA', '0897A', '0.00', '100.00', 'S', 847260),
(1491, 7436, 2338, 'VTA.X MENOR COSAS MUEBLES', '0903A', '0.00', '100.00', 'S', 847261),
(1492, 7437, 1775, 'HELADERIA', '0340A', '0.00', '100.00', 'S', 847262),
(1493, 7439, 1597, 'CULTIVO DE SOJA, TRIGO Y CEREA', '0162A', '0.00', '100.00', 'S', 847263),
(1494, 7439, 1654, 'EXCEPTO FORRAJEROS', '0219A', '0.00', '100.00', '', 847263),
(1495, 7441, 2300, 'VTA. X MENOR INDUMENTARIA', '0865A', '0.00', '100.00', 'S', 847264),
(1496, 7441, 1911, 'REGALERIA', '0476A', '0.00', '100.00', '', 847264),
(1497, 7442, 1782, 'INFORMATICA', '0347A', '0.00', '100.00', 'S', 847265),
(1498, 7443, 2174, 'VENTA X MENOR CALZADOS', '0739A', '0.00', '100.00', 'S', 847266),
(1499, 7444, 1455, 'ALMACEN', '0020A', '0.00', '100.00', 'S', 847267),
(1500, 7445, 1967, 'SERV. TRASLADOS (REMIS)', '0532A', '0.00', '100.00', 'S', 847268),
(1501, 7446, 1957, 'SERV. DE TRASLADOS (REMIS)', '0522A', '0.00', '100.00', 'S', 847269),
(1502, 7447, 1960, 'SERV. DESAGOTE (ATMOSFERICO)', '0525A', '0.00', '100.00', 'S', 847270),
(1503, 7448, 1726, 'FABRICACION ESTRUCTURAS METALI', '0291A', '0.00', '100.00', 'S', 847271),
(1504, 7449, 1799, 'KIOSCO', '0364A', '0.00', '100.00', 'S', 847272),
(1505, 7449, 1885, 'POLIRRUBROS', '0450A', '0.00', '100.00', '', 847272),
(1506, 7450, 1799, 'KIOSCO', '0364A', '0.00', '100.00', 'S', 847273),
(1507, 7451, 1612, 'DISCO - BAR', '0177A', '0.00', '100.00', 'S', 847274),
(1508, 7452, 2311, 'VTA.ART. DEL HOGAR Y MUEBLES', '0876A', '0.00', '100.00', 'S', 847275),
(1509, 7453, 2340, 'VTA.X MENOR PRENDAS DE VESTIR', '0905A', '0.00', '100.00', 'S', 847276),
(1510, 7453, 2292, 'VTA. X MENOR ACCESORIOS', '0857A', '0.00', '100.00', '', 847276),
(1511, 7454, 2207, 'VTA X MENOR PARTE PIEZAS Y ACC', '0772A', '0.00', '100.00', 'S', 847277),
(1512, 7456, 2340, 'VTA.X MENOR PRENDAS DE VESTIR', '0905A', '0.00', '100.00', 'S', 847278),
(1513, 7456, 1439, 'ACCES. DE VESTIR', '0004A', '0.00', '100.00', '', 847278),
(1514, 7457, 1799, 'KIOSCO', '0364A', '0.00', '100.00', 'S', 847279),
(1515, 7459, 1960, 'SERV. DESAGOTE (ATMOSFERICO)', '0525A', '0.00', '100.00', 'S', 847280),
(1516, 7460, 1621, 'ELAB. PROD. NATURALES', '0186A', '0.00', '100.00', 'S', 847281),
(1517, 7462, 1958, 'SERV. DE TRASLADOS (REMISE)', '0523A', '0.00', '100.00', 'S', 847282),
(1518, 7463, 1958, 'SERV. DE TRASLADOS (REMISE)', '0523A', '0.00', '100.00', 'S', 847283),
(1519, 7464, 1933, 'RESTO-BAR', '0498A', '0.00', '100.00', 'S', 847284),
(1520, 7466, 1588, 'CRIA DE GANADO BOVINO', '0153A', '0.00', '100.00', 'S', 847285),
(1521, 7467, 2119, 'VENTA DE PROD. ALIMENTICIOS', '0684A', '0.00', '100.00', 'S', 847286),
(1522, 7468, 1774, 'GUARDERIA Y JARDINES MATERNALE', '0339A', '0.00', '100.00', 'S', 847287),
(1523, 7469, 1774, 'GUARDERIA Y JARDINES MATERNALE', '0339A', '0.00', '100.00', 'S', 847288),
(1524, 7470, 1827, 'MAXI KIOSCO', '0392A', '0.00', '100.00', 'S', 847289),
(1525, 7472, 2261, 'VTA. FIAMBRES Y QUESOS X MAYOR', '0826A', '0.00', '100.00', 'S', 847290),
(1526, 7473, 2341, 'VTA.X MENOR PROD. ALMACEN Y DI', '0906A', '0.00', '100.00', 'S', 847291),
(1527, 7474, 2331, 'VTA.X MENOR ART. RELOJERIA, JO', '0896A', '0.00', '100.00', 'S', 847292),
(1528, 7475, 1799, 'KIOSCO', '0364A', '0.00', '100.00', 'S', 847293),
(1529, 7476, 1577, 'CONTROL DE PLAGAS', '0142A', '0.00', '100.00', 'S', 847294),
(1530, 7477, 1572, 'CONSULTORIO MEDICO', '0137A', '0.00', '100.00', 'S', 847295),
(1531, 7477, 1902, 'PSICOLOGIA', '0467A', '0.00', '100.00', '', 847295),
(1532, 7478, 2303, 'VTA. X MENOR VINOS, BEBIDAS', '0868A', '0.00', '100.00', 'S', 847296),
(1533, 7478, 2259, 'VTA. FIAMBRES Y EMBUTIDOS', '0824A', '0.00', '100.00', '', 847296),
(1534, 7479, 1937, 'ROTISERIA', '0502A', '0.00', '100.00', 'S', 847297),
(1535, 7480, 2216, 'VTA. ART. ALMACEN', '0781A', '0.00', '100.00', 'S', 847298),
(1536, 7480, 1799, 'KIOSCO', '0364A', '0.00', '100.00', '', 847298),
(1537, 7481, 1613, 'DISCO BAR', '0178A', '0.00', '100.00', 'S', 847299),
(1538, 7482, 2079, 'VENTA ARTICULOS DE BAZAR', '0644A', '0.00', '100.00', 'S', 847300),
(1539, 7483, 2168, 'VENTA ROPA DE INTERIOR Y PLAYA', '0733A', '0.00', '100.00', 'S', 847301),
(1540, 7484, 2163, 'VENTA POR MENOR ROPA DEPORTIVA', '0728A', '0.00', '100.00', 'S', 847302),
(1541, 7485, 1457, 'ALMACEN Y POLLERIA', '0022A', '0.00', '100.00', 'S', 847303),
(1542, 7486, 2182, 'VERDULERIA', '0747A', '0.00', '100.00', 'S', 847304),
(1543, 7487, 2169, 'VENTA ROPA DE VESTIR Y ACCESOR', '0734A', '0.00', '100.00', 'S', 847305),
(1544, 7488, 1768, 'GESTORIA DEL AUTOMOTOR', '0333A', '0.00', '100.00', 'S', 847306),
(1545, 7489, 2107, 'VENTA DE MINUTAS- GASEOSAS-', '0672A', '0.00', '100.00', 'S', 847307),
(1546, 7490, 2184, 'VERDULERIA Y FRUTERIA', '0749A', '0.00', '100.00', 'S', 847308),
(1547, 7491, 1611, 'DIETETICA', '0176A', '0.00', '100.00', 'S', 847309),
(1548, 7492, 1982, 'SERVICIO DE TRASLADO - REMIS', '0547A', '0.00', '100.00', 'S', 847310),
(1549, 7493, 1993, 'SERVICIOS DE PELUQUERIA', '0558A', '0.00', '100.00', 'S', 847311),
(1550, 7494, 1631, 'ELABORACION DE PASTAS', '0196A', '0.00', '100.00', 'S', 847312),
(1551, 7495, 1969, 'SERV.EXPENDIO COMIDAS Y BEBIDA', '0534A', '0.00', '100.00', 'S', 847313),
(1552, 7496, 1948, 'SERV EXPENDIO COMIDAS Y BEBIDA', '0513A', '0.00', '100.00', 'S', 847314),
(1553, 7497, 2072, 'VENTA ART COMESTIBLE ELAB CASE', '0637A', '0.00', '100.00', 'S', 847315),
(1554, 7498, 2135, 'VENTA POR MAYOR MUEBLES E INS}', '0700A', '0.00', '100.00', 'S', 847316),
(1555, 7498, 2134, 'VENTA POR MAYOR MERCANCIAS', '0699A', '0.00', '100.00', '', 847316),
(1556, 7499, 2138, 'VENTA POR MENOR ART HOGAR', '0703A', '0.00', '100.00', 'S', 847317),
(1557, 7500, 2140, 'VENTA POR MENOR BIJOUTERIE Y F', '0705A', '0.00', '100.00', 'S', 847318),
(1558, 7500, 2139, 'VENTA POR MENOR ART NUEVOS NCP', '0704A', '0.00', '100.00', '', 847318),
(1559, 7501, 1599, 'CULTIVO SOJA', '0164A', '0.00', '100.00', 'S', 847319),
(1560, 7501, 1596, 'CULT MAIZ, FORRAG. INV DE GANA', '0161A', '0.00', '100.00', '', 847319),
(1561, 7502, 2149, 'VENTA POR MENOR INDUMENTARIA D', '0714A', '0.00', '100.00', 'S', 847320),
(1562, 7503, 2164, 'VENTA POR MENOR ROPA INT, MEDI', '0729A', '0.00', '100.00', 'S', 847321),
(1563, 7504, 2162, 'VENTA POR MENOR PROD VET. BALA', '0727A', '0.00', '100.00', 'S', 847322),
(1564, 7504, 2153, 'VENTA POR MENOR MAT PROD LIMP', '0718A', '0.00', '100.00', '', 847322),
(1565, 7505, 1886, 'POLLERIA', '0451A', '0.00', '100.00', 'S', 847323),
(1566, 7506, 2147, 'VENTA POR MENOR INDUM DEPORTIV', '0712A', '0.00', '100.00', 'S', 847324),
(1567, 7507, 1660, 'FAB MALETAS, BOLSOS Y SIM, ART', '0225A', '0.00', '100.00', 'S', 847325),
(1568, 7507, 2158, 'VENTA POR MENOR PAPEL, CARTO,.', '0723A', '0.00', '100.00', '', 847325),
(1569, 7508, 2159, 'VENTA POR MENOR PAPEL, CARTON', '0724A', '0.00', '100.00', 'S', 847326),
(1570, 7508, 2157, 'VENTA POR MENOR MUEBLES HOGAR', '0722A', '0.00', '100.00', '', 847326),
(1571, 7509, 2151, 'VENTA POR MENOR KIOSCOS, POLIR', '0716A', '0.00', '100.00', 'S', 847327),
(1572, 7510, 2150, 'VENTA POR MENOR KIOSCO, POLIRR', '0715A', '0.00', '100.00', 'S', 847328),
(1573, 7511, 1946, 'SERV DE CONTABILIDAD, AUDITORI', '0511A', '0.00', '100.00', 'S', 847329),
(1574, 7512, 2146, 'VENTA POR MENOR FRUTAS, LEG, H', '0711A', '0.00', '100.00', 'S', 847330),
(1575, 7513, 1634, 'ELBORACION DE PROD ALIMENTICIO', '0199A', '0.00', '100.00', 'S', 847331),
(1576, 7514, 2063, 'TRASLADO DE REMISS', '0628A', '0.00', '100.00', 'S', 847332),
(1577, 7515, 2144, 'VENTA POR MENOR EN KIOSKOS, PO', '0709A', '0.00', '100.00', 'S', 847333),
(1578, 7516, 2143, 'VENTA POR MENOR CARNES, MENUDE', '0708A', '0.00', '100.00', 'S', 847334),
(1579, 7516, 2145, 'VENTA POR MENOR FIAMBRES LACTE', '0710A', '0.00', '100.00', '', 847334),
(1580, 7517, 2152, 'VENTA POR MENOR MARROQUINERIA', '0717A', '0.00', '100.00', 'S', 847335),
(1581, 7517, 2161, 'VENTA POR MENOR PROD COSMETICO', '0726A', '0.00', '100.00', '', 847335),
(1582, 7518, 1589, 'CRIA GANADO - SERV EMPRESARIAL', '0154A', '0.00', '100.00', 'S', 847336),
(1583, 7518, 2143, 'VENTA POR MENOR CARNES, MENUDE', '0708A', '0.00', '100.00', '', 847336),
(1584, 7519, 2141, 'VENTA POR MENOR CALZADO', '0706A', '0.00', '100.00', 'S', 847337),
(1585, 7520, 2139, 'VENTA POR MENOR ART NUEVOS NCP', '0704A', '0.00', '100.00', 'S', 847338),
(1586, 7520, 2152, 'VENTA POR MENOR MARROQUINERIA', '0717A', '0.00', '100.00', '', 847338),
(1587, 7521, 1727, 'FABRICACION MUEBLES Y PARTES', '0292A', '0.00', '100.00', 'S', 847339),
(1588, 7521, 2156, 'VENTA POR MENOR MUEBLES', '0721A', '0.00', '100.00', '', 847339),
(1589, 7522, 2002, 'SUPERMERCADO', '0567A', '0.00', '100.00', 'S', 847340),
(1590, 7523, 1629, 'ELABORACIO PRODUCTOS PANADERIA', '0194A', '0.00', '100.00', 'S', 847341),
(1591, 7524, 2171, 'VENTA VIAJES Y TURISMO', '0736A', '0.00', '100.00', 'S', 847342),
(1592, 7525, 1914, 'REMISS', '0479A', '0.00', '100.00', 'S', 847343),
(1593, 7526, 1914, 'REMISS', '0479A', '0.00', '100.00', 'S', 847344),
(1594, 7527, 2142, 'VENTA POR MENOR CARNES ROJAS,', '0707A', '0.00', '100.00', 'S', 847345),
(1595, 7528, 2132, 'VENTA MENOR HUEVOS,AVES,GRANJA', '0697A', '0.00', '100.00', 'S', 847346),
(1596, 7529, 1914, 'REMISS', '0479A', '0.00', '100.00', 'S', 847347),
(1597, 7530, 2064, 'TRAT Y REVEST DE METALES Y TRA', '0629A', '0.00', '100.00', 'S', 847348),
(1598, 7531, 2176, 'VENTA X MENOR PROD ALIMENTICIO', '0741A', '0.00', '100.00', 'S', 847349),
(1599, 7531, 2173, 'VENTA X MENOR BEBIDAS', '0738A', '0.00', '100.00', '', 847349),
(1600, 7532, 1949, 'SERV INMOBILIARIO POR CTA PROP', '0514A', '0.00', '100.00', 'S', 847350),
(1601, 7532, 2165, 'VENTA POR MENOR ROPA INTERIOR', '0730A', '0.00', '100.00', '', 847350),
(1602, 7533, 1947, 'SERV DE EXP. COMIDAS Y BEBIDAS', '0512A', '0.00', '100.00', 'S', 847351),
(1603, 7534, 2160, 'VENTA POR MENOR PROD ALMACEN', '0725A', '0.00', '100.00', 'S', 847352),
(1604, 7534, 1950, 'SERV PREPARACION COMIDAS P/LLE', '0515A', '0.00', '100.00', '', 847352),
(1605, 7535, 1657, 'FAB DE CARTON OND Y ENV CARTON', '0222A', '0.00', '100.00', 'S', 847353),
(1606, 7535, 1658, 'FAB DE PAPEL OND Y ENV PAPEL', '0223A', '0.00', '100.00', '', 847353),
(1607, 6161, 1701, 'FABRICA DE MUEBLES', '0266A', '0.01', '250.00', 'S', 847354),
(1608, 6162, 1688, 'FABRICA DE CARTON CORRUGADO', '0253A', '0.01', '250.00', 'S', 847355),
(1609, 6162, 1524, 'CARTON CORRUGADO', '0089A', '0.01', '250.00', '', 847355);
INSERT INTO `dri_cuota_actividad` (`id_cuota_actividad`, `id_padron`, `id_actividad`, `denominacion`, `codigo`, `alicuota`, `minimo`, `actividad_principal`, `id_cuota`) VALUES
(1610, 6166, 2044, 'TORNERIA', '0609A', '0.01', '250.00', 'S', 847356),
(1611, 6173, 1455, 'ALMACEN', '0020A', '0.01', '250.00', 'S', 847357),
(1612, 6173, 2182, 'VERDULERIA', '0747A', '0.01', '250.00', '', 847357),
(1613, 6174, 1731, 'FARMACIA', '0296A', '0.01', '250.00', 'S', 847358),
(1614, 6174, 1866, 'PERFUMERIA', '0431A', '0.01', '250.00', '', 847358),
(1615, 6175, 1752, 'FORRAJERIA', '0317A', '0.01', '250.00', 'S', 847359),
(1616, 6182, 1516, 'CARNICERIA', '0081A', '0.01', '250.00', 'S', 847360),
(1617, 6182, 1455, 'ALMACEN', '0020A', '0.01', '250.00', '', 847360),
(1618, 6186, 1499, 'BAZAR - RELOJERIA', '0064A', '0.01', '250.00', 'S', 847361),
(1619, 6186, 1911, 'REGALERIA', '0476A', '0.01', '250.00', '', 847361),
(1620, 6195, 1646, 'ESTACION DE SERVICIO', '0211A', '0.01', '250.00', 'S', 847362),
(1621, 6195, 2199, 'VTA LUBRICANTES, REPUESTOS, OT', '0764A', '0.01', '250.00', '', 847362),
(1622, 6198, 1548, 'COMERCIALIZACION PROD. AGROP.', '0113A', '0.01', '250.00', 'S', 847363),
(1623, 6198, 2194, 'VTA AGROQUIM,COMBUST, SEMILLAS', '0759A', '0.01', '250.00', '', 847363),
(1624, 6200, 1445, 'ACOPIO DE CEREALES Y OT.', '0010A', '0.01', '250.00', 'S', 847364),
(1625, 6205, 1455, 'ALMACEN', '0020A', '0.01', '250.00', 'S', 847365),
(1626, 6205, 1516, 'CARNICERIA', '0081A', '0.01', '250.00', '', 847365),
(1627, 6207, 1497, 'BAZAR', '0062A', '0.01', '250.00', 'S', 847366),
(1628, 6209, 1703, 'FABRICA DE MUEBLES DE COCINA', '0268A', '0.01', '250.00', 'S', 847367),
(1629, 6210, 2049, 'TRANSPORTE (CARGAS GENERALES)', '0614A', '0.01', '250.00', 'S', 847368),
(1630, 6211, 1731, 'FARMACIA', '0296A', '0.01', '250.00', 'S', 847369),
(1631, 6211, 1866, 'PERFUMERIA', '0431A', '0.01', '250.00', '', 847369),
(1632, 6212, 1777, 'HORNO DE LADRILLOS', '0342A', '0.01', '250.00', 'S', 847370),
(1633, 6220, 1455, 'ALMACEN', '0020A', '0.01', '250.00', 'S', 847371),
(1634, 6220, 2172, 'VENTA VINO POR MAYOR', '0737A', '0.01', '250.00', '', 847371),
(1635, 6227, 2060, 'TRANSPORTISTA', '0625A', '0.01', '250.00', 'S', 847372),
(1636, 6229, 1701, 'FABRICA DE MUEBLES', '0266A', '0.01', '250.00', 'S', 847373),
(1637, 6230, 1695, 'FABRICA DE HERRAJES', '0260A', '0.01', '250.00', 'S', 847374),
(1638, 6233, 1617, 'DIST.DE FIAMBRES', '0182A', '0.01', '250.00', 'S', 847375),
(1639, 6240, 1976, 'SERVICIO DE AGUA POTABLE', '0541A', '0.01', '250.00', 'S', 847376),
(1640, 6240, 1858, 'PANTEON SOCIAL', '0423A', '0.01', '250.00', '', 847376),
(1641, 6244, 2027, 'TALLER MECANICO', '0592A', '0.01', '250.00', 'S', 847377),
(1642, 6245, 1635, 'ELECTRICIDAD AUTOMOTOR', '0200A', '0.01', '250.00', 'S', 847378),
(1643, 6252, 2051, 'TRANSPORTE DE CARGAS', '0616A', '0.01', '250.00', 'S', 847379),
(1644, 6254, 2189, 'VIDEO CABLE', '0754A', '0.01', '250.00', 'S', 847380),
(1645, 6258, 1728, 'FABRICACION QUEMADORES DE GAS', '0293A', '0.01', '250.00', 'S', 847381),
(1646, 6258, 1785, 'INSTALACION DE GAS', '0350A', '0.01', '250.00', '', 847381),
(1647, 6259, 1639, 'EMPRESA DE VIALES Y TURISMO', '0204A', '0.01', '250.00', 'S', 847382),
(1648, 6259, 2113, 'VENTA DE PASAJES', '0678A', '0.01', '250.00', '', 847382),
(1649, 6268, 2009, 'TALLER DE CARPINTERIA', '0574A', '0.01', '250.00', 'S', 847383),
(1650, 6271, 1516, 'CARNICERIA', '0081A', '0.01', '250.00', 'S', 847384),
(1651, 6271, 1610, 'DESPENSA', '0175A', '0.01', '250.00', '', 847384),
(1652, 6275, 2111, 'VENTA DE PAPAS Y CARBON', '0676A', '0.01', '250.00', 'S', 847385),
(1653, 6276, 2060, 'TRANSPORTISTA', '0625A', '0.01', '250.00', 'S', 847386),
(1654, 6279, 2048, 'TRANSPORTE', '0613A', '0.01', '250.00', 'S', 847387),
(1655, 6282, 1693, 'FABRICA DE GALPONES TINGLADOS', '0258A', '0.01', '250.00', 'S', 847388),
(1656, 6282, 1786, 'INVERNACULOS', '0351A', '0.01', '250.00', '', 847388),
(1657, 6295, 1988, 'SERVICIO TECNICO ELECTRONICA', '0553A', '0.01', '250.00', 'S', 847389),
(1658, 6299, 1731, 'FARMACIA', '0296A', '0.01', '250.00', 'S', 847390),
(1659, 6299, 1440, 'ACCESORIOS', '0005A', '0.01', '250.00', '', 847390),
(1660, 6300, 2272, 'VTA. PAPAS, FRUTAS Y VERDURAS', '0837A', '0.01', '250.00', 'S', 847391),
(1661, 6303, 1777, 'HORNO DE LADRILLOS', '0342A', '0.01', '250.00', 'S', 847392),
(1662, 6305, 1661, 'FAB PROD METALICOS DE TORNERIA', '0226A', '0.01', '250.00', 'S', 847393),
(1663, 6305, 1659, 'FAB IMPL DE USO AGROPECUARIO', '0224A', '0.01', '250.00', '', 847393),
(1664, 6308, 2060, 'TRANSPORTISTA', '0625A', '0.01', '250.00', 'S', 847394),
(1665, 6311, 2060, 'TRANSPORTISTA', '0625A', '0.01', '250.00', 'S', 847395),
(1666, 6312, 2060, 'TRANSPORTISTA', '0625A', '0.01', '250.00', 'S', 847396),
(1667, 6313, 1701, 'FABRICA DE MUEBLES', '0266A', '0.01', '250.00', 'S', 847397),
(1668, 6318, 1455, 'ALMACEN', '0020A', '0.01', '250.00', 'S', 847398),
(1669, 6321, 1720, 'FABRICA Y VTA.DE SODA', '0285A', '0.01', '250.00', 'S', 847399),
(1670, 6330, 2028, 'TALLER MECANICO AUTOMOTOR', '0593A', '0.01', '250.00', 'S', 847400),
(1671, 6331, 1455, 'ALMACEN', '0020A', '0.01', '250.00', 'S', 847401),
(1672, 6331, 1516, 'CARNICERIA', '0081A', '0.01', '250.00', '', 847401),
(1673, 6338, 1767, 'GESTORIA', '0332A', '0.01', '250.00', 'S', 847402),
(1674, 6339, 2268, 'VTA. MATERIALES PARA CONSTRUC.', '0833A', '0.01', '250.00', 'S', 847403),
(1675, 6342, 1537, 'CLINICA PRIVADA', '0102A', '0.01', '250.00', 'S', 847404),
(1676, 6345, 1481, 'AUTOSERVICIO', '0046A', '0.01', '250.00', 'S', 847405),
(1677, 6345, 1488, 'BAR', '0053A', '0.01', '250.00', '', 847405),
(1678, 6346, 1506, 'BOUTIQUE', '0071A', '0.01', '250.00', 'S', 847406),
(1679, 6352, 1455, 'ALMACEN', '0020A', '0.01', '250.00', 'S', 847407),
(1680, 6356, 1747, 'FERRETERIA', '0312A', '0.01', '250.00', 'S', 847408),
(1681, 6356, 1874, 'PINTURERIA', '0439A', '0.01', '250.00', '', 847408),
(1682, 6357, 2017, 'TALLER DE REFRIGERACION', '0582A', '0.01', '250.00', 'S', 847409),
(1683, 6361, 2255, 'VTA. DE PRODUCTOS ALIMENTICIOS', '0820A', '0.01', '250.00', 'S', 847410),
(1684, 6376, 2060, 'TRANSPORTISTA', '0625A', '0.01', '250.00', 'S', 847411),
(1685, 6377, 1999, 'SODERIA', '0564A', '0.01', '250.00', 'S', 847412),
(1686, 6377, 2178, 'VENTA Y REPARTO', '0743A', '0.01', '250.00', '', 847412),
(1687, 6378, 1846, 'OFIC. CONTABLE IMPOSITIVA', '0411A', '0.01', '250.00', 'S', 847413),
(1688, 6386, 1896, 'PRODUCTOR DE SEGUROS', '0461A', '0.01', '250.00', 'S', 847414),
(1689, 6386, 1881, 'PLANES SAL', '0446A', '0.01', '250.00', '', 847414),
(1690, 6389, 2262, 'VTA. FRUTAS Y VERDURAS', '0827A', '0.01', '250.00', 'S', 847415),
(1691, 6391, 2192, 'VIDRIERIA', '0757A', '0.01', '250.00', 'S', 847416),
(1692, 6391, 1522, 'CARPINTERIA EN ALUMINIO', '0087A', '0.01', '250.00', '', 847416),
(1693, 6392, 1805, 'LABORATORIO BIOQUIMICO', '0370A', '0.01', '250.00', 'S', 847417),
(1694, 6403, 1864, 'PELUQUERIA', '0429A', '0.01', '250.00', 'S', 847418),
(1695, 6418, 1532, 'CHAPERIA Y PINTURA', '0097A', '0.01', '250.00', 'S', 847419),
(1696, 6419, 1770, 'GIMNASIO', '0335A', '0.01', '250.00', 'S', 847420),
(1697, 6428, 2023, 'TALLER ELECTROMECANICO', '0588A', '0.01', '250.00', 'S', 847421),
(1698, 6431, 1777, 'HORNO DE LADRILLOS', '0342A', '0.01', '250.00', 'S', 847422),
(1699, 6438, 1777, 'HORNO DE LADRILLOS', '0342A', '0.01', '250.00', 'S', 847423),
(1700, 6444, 1536, 'CLASIFICACION DE CEREALES', '0101A', '0.01', '250.00', 'S', 847424),
(1701, 6450, 2051, 'TRANSPORTE DE CARGAS', '0616A', '0.01', '250.00', 'S', 847425),
(1702, 6454, 1979, 'SERVICIO DE TELECOMUNICACIONES', '0544A', '0.01', '250.00', 'S', 847426),
(1703, 6455, 1853, 'PANADERIA', '0418A', '0.01', '250.00', 'S', 847427),
(1704, 6455, 1608, 'DERIVADOS', '0173A', '0.01', '250.00', '', 847427),
(1705, 6463, 2060, 'TRANSPORTISTA', '0625A', '0.01', '250.00', 'S', 847428),
(1706, 6469, 1848, 'OPTICA Y FOTOGRAFIA', '0413A', '0.01', '250.00', 'S', 847429),
(1707, 6469, 1753, 'FOTOCOPIAS', '0318A', '0.01', '250.00', '', 847429),
(1708, 6474, 2051, 'TRANSPORTE DE CARGAS', '0616A', '0.01', '250.00', 'S', 847430),
(1709, 6477, 1777, 'HORNO DE LADRILLOS', '0342A', '0.01', '250.00', 'S', 847431),
(1710, 6478, 1651, 'ESTUDIO JURIDICO', '0216A', '0.01', '250.00', 'S', 847432),
(1711, 6485, 1731, 'FARMACIA', '0296A', '0.01', '250.00', 'S', 847433),
(1712, 6485, 1866, 'PERFUMERIA', '0431A', '0.01', '250.00', '', 847433),
(1713, 6486, 1517, 'CARNICERIA - ALMACEN', '0082A', '0.01', '250.00', 'S', 847434),
(1714, 6486, 2185, 'VERDULERIA-SUCURSAL PANADERIA', '0750A', '0.01', '250.00', '', 847434),
(1715, 6493, 1701, 'FABRICA DE MUEBLES', '0266A', '0.01', '250.00', 'S', 847435),
(1716, 6500, 1847, 'OPTICA', '0412A', '0.01', '250.00', 'S', 847436),
(1717, 6501, 1928, 'REPARTO DE SODA', '0493A', '0.01', '250.00', 'S', 847437),
(1718, 6503, 1773, 'GRANJA', '0338A', '0.01', '250.00', 'S', 847438),
(1719, 6503, 1594, 'CRIANZA DE AVES', '0159A', '0.01', '250.00', '', 847438),
(1720, 6513, 2028, 'TALLER MECANICO AUTOMOTOR', '0593A', '0.01', '250.00', 'S', 847439),
(1721, 6514, 2060, 'TRANSPORTISTA', '0625A', '0.01', '250.00', 'S', 847440),
(1722, 6530, 1480, 'ASOC MUTUAL SERV AYUDA ECONOMI', '0045A', '0.01', '250.00', 'S', 847441),
(1723, 6530, 1901, 'PROVEEDURIA ART DEL HOGAR', '0466A', '0.01', '250.00', '', 847441),
(1724, 6532, 1583, 'CORTE Y PLEGADO DE CHAPAS', '0148A', '0.01', '250.00', 'S', 847442),
(1725, 6540, 1777, 'HORNO DE LADRILLOS', '0342A', '0.01', '250.00', 'S', 847443),
(1726, 6543, 1545, 'COMERC. PROD. AGROPEC.-IMP.EXP', '0110A', '0.01', '250.00', 'S', 847444),
(1727, 6543, 1894, 'PRODUCCION', '0459A', '0.01', '250.00', '', 847444),
(1728, 6544, 2265, 'VTA. LADRILLOS Y FLETES', '0830A', '0.01', '250.00', 'S', 847445),
(1729, 6545, 1799, 'KIOSCO', '0364A', '0.01', '250.00', 'S', 847446),
(1730, 6546, 1906, 'QUINIELA Y LOTERIAS', '0471A', '0.01', '250.00', 'S', 847447),
(1731, 6546, 1799, 'KIOSCO', '0364A', '0.01', '250.00', '', 847447),
(1732, 6557, 1972, 'SERVICE TELEVISION', '0537A', '0.01', '250.00', 'S', 847448),
(1733, 6558, 2010, 'TALLER DE CHAPERIA Y PINTURA', '0575A', '0.01', '250.00', 'S', 847449),
(1734, 6567, 2183, 'VERDULERIA POR MENOR', '0748A', '0.01', '250.00', 'S', 847450),
(1735, 6579, 1998, 'SERVICIOS SOCIALES DE SEPELIOS', '0563A', '0.01', '250.00', 'S', 847451),
(1736, 6590, 1841, 'MUEBLERIA', '0406A', '0.01', '250.00', 'S', 847452),
(1737, 6592, 2051, 'TRANSPORTE DE CARGAS', '0616A', '0.01', '250.00', 'S', 847453),
(1738, 6594, 2154, 'VENTA POR MENOR MINIMERCADO', '0719A', '0.01', '250.00', 'S', 847454),
(1739, 6594, 2142, 'VENTA POR MENOR CARNES ROJAS,', '0707A', '0.01', '250.00', '', 847454),
(1740, 6598, 1777, 'HORNO DE LADRILLOS', '0342A', '0.01', '250.00', 'S', 847455),
(1741, 6601, 2309, 'VTA. de PAPAS, FRUTAS y HORTAL', '0874A', '0.01', '250.00', 'S', 847456),
(1742, 6601, 2067, 'TTE. CARGA', '0632A', '0.01', '250.00', '', 847456),
(1743, 6603, 2264, 'VTA. GAS NATURAL', '0829A', '0.01', '250.00', 'S', 847457),
(1744, 6608, 1696, 'FABRICA DE LADRILLOS', '0261A', '0.01', '250.00', 'S', 847458),
(1745, 6610, 1777, 'HORNO DE LADRILLOS', '0342A', '0.01', '250.00', 'S', 847459),
(1746, 6615, 2060, 'TRANSPORTISTA', '0625A', '0.01', '250.00', 'S', 847460),
(1747, 6616, 2247, 'VTA. DE LUBRICANTES', '0812A', '0.01', '250.00', 'S', 847461),
(1748, 6618, 1675, 'FABRICA ACOPLADOS Y REMOLQUES', '0240A', '0.01', '250.00', 'S', 847462),
(1749, 6620, 2002, 'SUPERMERCADO', '0567A', '0.01', '250.00', 'S', 847463),
(1750, 6623, 1690, 'FABRICA DE ESCOBAS', '0255A', '0.01', '250.00', 'S', 847464),
(1751, 6624, 2002, 'SUPERMERCADO', '0567A', '0.01', '250.00', 'S', 847465),
(1752, 6624, 1518, 'CARNICERIA - BAZAR', '0083A', '0.01', '250.00', '', 847465),
(1753, 6625, 1719, 'FABRICA Y VTA.DE PIROTECNIA', '0284A', '0.01', '250.00', 'S', 847466),
(1754, 6628, 1996, 'SERVICIOS POSTALES', '0561A', '0.01', '250.00', 'S', 847467),
(1755, 6633, 1772, 'GOMERIA', '0337A', '0.01', '250.00', 'S', 847468),
(1756, 6634, 1701, 'FABRICA DE MUEBLES', '0266A', '0.01', '250.00', 'S', 847469),
(1757, 6639, 1696, 'FABRICA DE LADRILLOS', '0261A', '0.01', '250.00', 'S', 847470),
(1758, 6645, 2122, 'VENTA DE ROPA', '0687A', '0.01', '250.00', 'S', 847471),
(1759, 6645, 1869, 'PERFUMES', '0434A', '0.01', '250.00', '', 847471),
(1760, 6646, 1547, 'COMERCIALIZACION DE PAPAS', '0112A', '0.01', '250.00', 'S', 847472),
(1761, 6646, 2048, 'TRANSPORTE', '0613A', '0.01', '250.00', '', 847472),
(1762, 6647, 2009, 'TALLER DE CARPINTERIA', '0574A', '0.01', '250.00', 'S', 847473),
(1763, 6651, 2048, 'TRANSPORTE', '0613A', '0.01', '250.00', 'S', 847474),
(1764, 6652, 1855, 'PANADERIA Y CONFITERIA', '0420A', '0.01', '250.00', 'S', 847475),
(1765, 6653, 1496, 'BAR-COMEDOR', '0061A', '0.01', '250.00', 'S', 847476),
(1766, 6658, 1606, 'DEMOLICON-EXCAVACION-DIST.LAD', '0171A', '0.01', '250.00', 'S', 847477),
(1767, 6661, 1486, 'BANCO', '0051A', '0.01', '250.00', 'S', 847478),
(1768, 6667, 1455, 'ALMACEN', '0020A', '0.01', '250.00', 'S', 847479),
(1769, 6667, 2182, 'VERDULERIA', '0747A', '0.01', '250.00', '', 847479),
(1770, 6674, 1476, 'ART.DEPORTIVOS', '0041A', '0.01', '250.00', 'S', 847480),
(1771, 6684, 1747, 'FERRETERIA', '0312A', '0.01', '250.00', 'S', 847481),
(1772, 6685, 1459, 'ALMACEN Y VERDULERIA', '0024A', '0.01', '250.00', 'S', 847482),
(1773, 6688, 1506, 'BOUTIQUE', '0071A', '0.01', '250.00', 'S', 847483),
(1774, 6689, 2190, 'VIDEO CLUB', '0755A', '0.01', '250.00', 'S', 847484),
(1775, 6690, 2010, 'TALLER DE CHAPERIA Y PINTURA', '0575A', '0.01', '250.00', 'S', 847485),
(1776, 6692, 1812, 'LIBRERIA', '0377A', '0.01', '250.00', 'S', 847486),
(1777, 6692, 1796, 'JUGUETERIA Y KIOSCO', '0361A', '0.01', '250.00', '', 847486),
(1778, 6694, 2038, 'TIENDA', '0603A', '0.01', '250.00', 'S', 847487),
(1779, 6697, 1943, 'SALON DE VENTAS', '0508A', '0.01', '250.00', 'S', 847488),
(1780, 6713, 2181, 'VENTAS DE ROPA DE VESTIR', '0746A', '0.01', '250.00', 'S', 847489),
(1781, 6715, 1516, 'CARNICERIA', '0081A', '0.01', '250.00', 'S', 847490),
(1782, 6715, 1455, 'ALMACEN', '0020A', '0.01', '250.00', '', 847490),
(1783, 6731, 1481, 'AUTOSERVICIO', '0046A', '0.01', '250.00', 'S', 847491),
(1784, 6733, 2038, 'TIENDA', '0603A', '0.01', '250.00', 'S', 847492),
(1785, 6734, 1730, 'FAENADO Y VENTA DE POLLOS', '0295A', '0.01', '250.00', 'S', 847493),
(1786, 6737, 1699, 'FABRICA DE MESADAS DE ONIX', '0264A', '0.01', '250.00', 'S', 847494),
(1787, 6739, 1896, 'PRODUCTOR DE SEGUROS', '0461A', '0.01', '250.00', 'S', 847495),
(1788, 6744, 1506, 'BOUTIQUE', '0071A', '0.01', '250.00', 'S', 847496),
(1789, 6744, 2116, 'VENTA DE PLANES DE SALUD', '0681A', '0.01', '250.00', '', 847496),
(1790, 6746, 1995, 'SERVICIOS POMPA FUNEBRE', '0560A', '0.01', '250.00', 'S', 847497),
(1791, 6747, 1853, 'PANADERIA', '0418A', '0.01', '250.00', 'S', 847498),
(1792, 6748, 2051, 'TRANSPORTE DE CARGAS', '0616A', '0.01', '250.00', 'S', 847499),
(1793, 6750, 1684, 'FABRICA DE CAJAS Y TUBOS', '0249A', '0.01', '250.00', 'S', 847500),
(1794, 6753, 1572, 'CONSULTORIO MEDICO', '0137A', '0.01', '250.00', 'S', 847501),
(1795, 6754, 1532, 'CHAPERIA Y PINTURA', '0097A', '0.01', '250.00', 'S', 847502),
(1796, 6755, 1651, 'ESTUDIO JURIDICO', '0216A', '0.01', '250.00', 'S', 847503),
(1797, 6757, 1764, 'FRUTICULTURA', '0329A', '0.01', '250.00', 'S', 847504),
(1798, 6757, 1636, 'EMPAQUE DE FRUTA', '0201A', '0.01', '250.00', '', 847504),
(1799, 6760, 1799, 'KIOSCO', '0364A', '0.01', '250.00', 'S', 847505),
(1800, 6760, 1793, 'JUGUETERIA', '0358A', '0.01', '250.00', '', 847505),
(1801, 6761, 1682, 'FABRICA DE CAJAS', '0247A', '0.01', '250.00', 'S', 847506),
(1802, 6769, 2100, 'VENTA DE HIELO Y HELADO', '0665A', '0.01', '250.00', 'S', 847507),
(1803, 6772, 2029, 'TALLER METALURGICO', '0594A', '0.01', '250.00', 'S', 847508),
(1804, 6774, 1648, 'ESTUDIO CONTABLE', '0213A', '0.01', '250.00', 'S', 847509),
(1805, 6775, 1574, 'CONSULTORIO ODONTOLOGICO', '0139A', '0.01', '250.00', 'S', 847510),
(1806, 6781, 1747, 'FERRETERIA', '0312A', '0.01', '250.00', 'S', 847511),
(1807, 6781, 1812, 'LIBRERIA', '0377A', '0.01', '250.00', '', 847511),
(1808, 6786, 1810, 'LAVADO DE VEHICULOS', '0375A', '0.01', '250.00', 'S', 847512),
(1809, 6787, 2126, 'VENTA GOLOSINAS', '0691A', '0.01', '250.00', 'S', 847513),
(1810, 6787, 1799, 'KIOSCO', '0364A', '0.01', '250.00', '', 847513),
(1811, 6788, 1497, 'BAZAR', '0062A', '0.01', '250.00', 'S', 847514),
(1812, 6791, 1619, 'DIST.ENERGIA', '0184A', '0.01', '250.00', 'S', 847515),
(1813, 6793, 1574, 'CONSULTORIO ODONTOLOGICO', '0139A', '0.01', '250.00', 'S', 847516),
(1814, 6794, 1864, 'PELUQUERIA', '0429A', '0.01', '250.00', 'S', 847517),
(1815, 6795, 2091, 'VENTA DE FLORES', '0656A', '0.01', '250.00', 'S', 847518),
(1816, 6797, 1516, 'CARNICERIA', '0081A', '0.01', '250.00', 'S', 847519),
(1817, 6804, 1864, 'PELUQUERIA', '0429A', '0.01', '250.00', 'S', 847520),
(1818, 6809, 1756, 'FRACC. DE LEGUMBRES', '0321A', '0.01', '250.00', 'S', 847521),
(1819, 6811, 1455, 'ALMACEN', '0020A', '0.01', '250.00', 'S', 847522),
(1820, 6811, 2182, 'VERDULERIA', '0747A', '0.01', '250.00', '', 847522),
(1821, 6816, 2007, 'TALLER DE BICICLETA', '0572A', '0.01', '250.00', 'S', 847523),
(1822, 6824, 1987, 'SERVICIO SOLIDARIO', '0552A', '0.01', '250.00', 'S', 847524),
(1823, 6824, 1484, 'AYUDA ECONOMICA', '0049A', '0.01', '250.00', '', 847524),
(1824, 6830, 1571, 'CONSULTORIO', '0136A', '0.01', '250.00', 'S', 847525),
(1825, 6835, 1775, 'HELADERIA', '0340A', '0.01', '250.00', 'S', 847526),
(1826, 6835, 1799, 'KIOSCO', '0364A', '0.01', '250.00', '', 847526),
(1827, 6837, 1532, 'CHAPERIA Y PINTURA', '0097A', '0.01', '250.00', 'S', 847527),
(1828, 6842, 2192, 'VIDRIERIA', '0757A', '0.01', '250.00', 'S', 847528),
(1829, 6849, 1800, 'KIOSCO DE DIARIOS Y REVISTAS', '0365A', '0.01', '250.00', 'S', 847529),
(1830, 6851, 1945, 'SEGUROS', '0510A', '0.01', '250.00', 'S', 847530),
(1831, 6852, 1770, 'GIMNASIO', '0335A', '0.01', '250.00', 'S', 847531),
(1832, 6856, 1652, 'ESTUDIO JURIDICO CONTABLE', '0217A', '0.01', '250.00', 'S', 847532),
(1833, 6857, 1864, 'PELUQUERIA', '0429A', '0.01', '250.00', 'S', 847533),
(1834, 6858, 1864, 'PELUQUERIA', '0429A', '0.01', '250.00', 'S', 847534),
(1835, 6862, 1853, 'PANADERIA', '0418A', '0.01', '250.00', 'S', 847535),
(1836, 6865, 2038, 'TIENDA', '0603A', '0.01', '250.00', 'S', 847536),
(1837, 6866, 1799, 'KIOSCO', '0364A', '0.01', '250.00', 'S', 847537),
(1838, 6867, 1777, 'HORNO DE LADRILLOS', '0342A', '0.01', '250.00', 'S', 847538),
(1839, 6873, 1943, 'SALON DE VENTAS', '0508A', '0.01', '250.00', 'S', 847539),
(1840, 6873, 2089, 'VENTA DE CIGARRILLOS', '0654A', '0.01', '250.00', '', 847539),
(1841, 6874, 1516, 'CARNICERIA', '0081A', '0.01', '250.00', 'S', 847540),
(1842, 6874, 2284, 'VTA. PROD. AFINES', '0849A', '0.01', '250.00', '', 847540),
(1843, 6876, 1799, 'KIOSCO', '0364A', '0.01', '250.00', 'S', 847541),
(1844, 6876, 1455, 'ALMACEN', '0020A', '0.01', '250.00', '', 847541),
(1845, 6879, 2197, 'VTA DE PAPAS, FRUTAS Y HORT.', '0762A', '0.01', '250.00', 'S', 847542),
(1846, 6879, 2059, 'TRANSPORTES DE CARGAS GRALES.', '0624A', '0.01', '250.00', '', 847542),
(1847, 6887, 1752, 'FORRAJERIA', '0317A', '0.01', '250.00', 'S', 847543),
(1848, 6894, 2029, 'TALLER METALURGICO', '0594A', '0.01', '250.00', 'S', 847544),
(1849, 6899, 1864, 'PELUQUERIA', '0429A', '0.01', '250.00', 'S', 847545),
(1850, 6903, 1493, 'BAR AMERICANO', '0058A', '0.01', '250.00', 'S', 847546),
(1851, 6903, 1655, 'EXPENDIO BEBIDAS', '0220A', '0.01', '250.00', '', 847546),
(1852, 6922, 1481, 'AUTOSERVICIO', '0046A', '0.01', '250.00', 'S', 847547),
(1853, 6925, 1799, 'KIOSCO', '0364A', '0.01', '250.00', 'S', 847548),
(1854, 6926, 1772, 'GOMERIA', '0337A', '0.01', '250.00', 'S', 847549),
(1855, 6927, 1952, 'SERV. BANCO', '0517A', '0.01', '250.00', 'S', 847550),
(1856, 6933, 1826, 'MATERIALES DE CONSTRUCCION', '0391A', '0.01', '250.00', 'S', 847551),
(1857, 6937, 1448, 'AGENCIA DE LOTERIA', '0013A', '0.01', '250.00', 'S', 847552),
(1858, 6941, 1623, 'ELAB.AL.ANIM,ACOPIO Y/O ACOND.', '0188A', '0.01', '250.00', 'S', 847553),
(1859, 6941, 1605, 'DE CEREALES', '0170A', '0.01', '250.00', '', 847553),
(1860, 6942, 1455, 'ALMACEN', '0020A', '0.01', '250.00', 'S', 847554),
(1861, 6944, 1804, 'LABORATORIO', '0369A', '0.01', '250.00', 'S', 847555),
(1862, 6949, 2270, 'VTA. P/ MENOR COMBUST. Y LUBR.', '0835A', '0.01', '250.00', 'S', 847556),
(1863, 6949, 2276, 'VTA. POR MAYOR DE COMBUSTIBLES', '0841A', '0.01', '250.00', '', 847556),
(1864, 6952, 2095, 'VENTA DE GAS ENVASADO', '0660A', '0.01', '250.00', 'S', 847557),
(1865, 6955, 1710, 'FABRICA DE SILOS', '0275A', '0.01', '250.00', 'S', 847558),
(1866, 6955, 1672, 'FAB.ARANDELAS,GALP.Y TINGLADOS', '0237A', '0.01', '250.00', '', 847558),
(1867, 6961, 1921, 'REPARACION DE AUTOMOTORES', '0486A', '0.01', '250.00', 'S', 847559),
(1868, 6963, 1919, 'REPARAC. Y PINTURA CARROCERIAS', '0484A', '0.01', '250.00', 'S', 847560),
(1869, 6965, 2210, 'VTA. AL POR MENOR ART. VARIOS', '0775A', '0.01', '250.00', 'S', 847561),
(1870, 6966, 1840, 'MOLINO DE MAIZ', '0405A', '0.01', '250.00', 'S', 847562),
(1871, 6966, 1442, 'ACOND. DE LEGUMBRES Y CEREALES', '0007A', '0.01', '250.00', '', 847562),
(1872, 6967, 1777, 'HORNO DE LADRILLOS', '0342A', '0.01', '250.00', 'S', 847563),
(1873, 6968, 1866, 'PERFUMERIA', '0431A', '0.01', '250.00', 'S', 847564),
(1874, 6969, 1677, 'FABRICA CAJA DE CARTàN M.Y C.', '0242A', '0.01', '250.00', 'S', 847565),
(1875, 6971, 2081, 'VENTA DE AGRO PARTES', '0646A', '0.01', '250.00', 'S', 847566),
(1876, 6973, 1722, 'FABRICACION DE GUANTES Y ART.', '0287A', '0.01', '250.00', 'S', 847567),
(1877, 6974, 1767, 'GESTORIA', '0332A', '0.01', '250.00', 'S', 847568),
(1878, 2028, 161, 'TRANSPORTE DE HACIENDA', '161', '0.01', '30.00', 'S', 162840),
(1879, 2030, 85, 'LIBRERIA', '85', '0.01', '30.00', 'S', 162841),
(1880, 2031, 157, 'TORNERIA', '157', '0.01', '30.00', 'S', 162842),
(1881, 2032, 158, 'TRANSPORTE DE CARGAS', '158', '0.01', '30.00', 'S', 162843),
(1882, 2033, 155, 'TIENDA', '155', '0.01', '30.00', 'S', 162844),
(1883, 2034, 158, 'TRANSPORTE DE CARGAS', '158', '0.01', '30.00', 'S', 162845),
(1884, 1969, 111, 'PROVISION DE LUZ ELECTRICA', '111', '0.01', '30.00', 'S', 162846),
(1885, 2011, 27, 'CARPINTERIA', '27', '0.01', '30.00', 'S', 162847),
(1886, 2012, 240, 'VTA. AL P/MENOR DE PROD. DE ALMACEN', '240', '0.01', '30.00', 'S', 162848),
(1887, 2035, 158, 'TRANSPORTE DE CARGAS', '158', '0.01', '30.00', 'S', 162849),
(1888, 2013, 27, 'CARPINTERIA', '27', '0.01', '30.00', 'S', 162850),
(1889, 2014, 110, 'PROVISION DE GAS NATURAL', '110', '0.01', '30.00', 'S', 162851),
(1890, 2015, 67, 'GOMERIA', '67', '0.01', '30.00', 'S', 162852),
(1891, 2017, 194, 'VENTA DE SODA Y AGUA', '194', '0.01', '30.00', 'S', 162853),
(1892, 2018, 158, 'TRANSPORTE DE CARGAS', '158', '0.01', '30.00', 'S', 162854),
(1893, 2019, 1, 'ACOPIO DE CEREALES', '1', '0.01', '30.00', 'S', 162855),
(1894, 2020, 96, 'PANADERIA', '96', '0.01', '30.00', 'S', 162856),
(1895, 2037, 151, 'TALLER REPARACION DE IMPL.  AGRICOLAS', '151', '0.01', '30.00', 'S', 162857),
(1896, 2038, 253, 'MAXI KIOSCO', '253', '0.01', '30.00', 'S', 162858),
(1897, 2039, 57, 'FERRETERIA', '57', '0.01', '30.00', 'S', 162859),
(1898, 2040, 108, 'PRODUCTOR AGROPECUARIO', '108', '0.01', '30.00', 'S', 162860),
(1899, 2041, 57, 'FERRETERIA', '57', '0.01', '30.00', 'S', 162861),
(1900, 2042, 290, 'MINIMERCADO', '291', '0.01', '30.00', 'S', 162862),
(1901, 2043, 69, 'HELADERIA', '69', '0.01', '30.00', 'S', 162863),
(1902, 2044, 155, 'TIENDA', '155', '0.01', '30.00', 'S', 162864),
(1903, 2045, 163, 'TRANSPORTE GRAL. DE CARGAS', '163', '0.01', '30.00', 'S', 162865),
(1904, 2046, 40, 'CORRALON', '40', '0.01', '30.00', 'S', 162866),
(1905, 2047, 51, 'FABRICA DE MOSAICOS', '51', '0.01', '30.00', 'S', 162867),
(1906, 1961, 57, 'FERRETERIA', '57', '0.01', '30.00', 'N', 162543),
(1907, 1961, 171, 'VENTA DE ARTICULOS PARA EL HOGAR', '171', '0.01', '100.00', 'S', 162543),
(1908, 1961, 105, 'PINTURERIA', '105', '0.01', '30.00', 'N', 162543),
(1909, 1961, 178, 'VENTA DE CIGARRILLOS', '178', '0.01', '30.00', 'N', 162543),
(1910, 1961, 177, 'VENTA DE CARBON', '177', '0.01', '30.00', 'N', 162543),
(1911, 1974, 20, 'BAR', '20', '0.01', '30.00', 'S', 162544),
(1912, 1964, 334, 'FABRICA ELEM SEG INDUSTRIAL', '335', '0.01', '30.00', 'S', 162545),
(1913, 1965, 148, 'TALLER MECANICO', '148', '0.01', '30.00', 'S', 162546),
(1914, 1977, 26, 'CARNICERIA', '26', '0.01', '30.00', 'S', 162547),
(1915, 1978, 253, 'MAXI KIOSCO', '253', '0.01', '30.00', 'S', 162548),
(1916, 2008, 135, 'SERVICIO Y ASESORAMIENTO AGROPECUARIO', '135', '0.01', '30.00', 'S', 162549),
(1917, 2009, 240, 'VTA. AL P/MENOR DE PROD. DE ALMACEN', '240', '0.01', '30.00', 'S', 162550),
(1918, 2010, 240, 'VTA. AL P/MENOR DE PROD. DE ALMACEN', '240', '0.01', '30.00', 'S', 162551),
(1919, 2024, 161, 'TRANSPORTE DE HACIENDA', '161', '0.01', '30.00', 'S', 162552),
(1920, 2025, 3, 'AGENCIA ESPARCIM JUEGOS DE AZAR Y APUEST', '3', '0.01', '30.00', 'S', 162553),
(1921, 2027, 159, 'TRANSPORTE DE MERCADERIA', '159', '0.01', '30.00', 'S', 162554),
(1922, 2028, 161, 'TRANSPORTE DE HACIENDA', '161', '0.01', '30.00', 'S', 162555),
(1923, 2030, 85, 'LIBRERIA', '85', '0.01', '30.00', 'S', 162556),
(1924, 2031, 157, 'TORNERIA', '157', '0.01', '30.00', 'S', 162557),
(1925, 2032, 158, 'TRANSPORTE DE CARGAS', '158', '0.01', '30.00', 'S', 162558),
(1926, 2033, 155, 'TIENDA', '155', '0.01', '30.00', 'S', 162559),
(1927, 2034, 158, 'TRANSPORTE DE CARGAS', '158', '0.01', '30.00', 'S', 162560),
(1928, 1969, 111, 'PROVISION DE LUZ ELECTRICA', '111', '0.01', '30.00', 'S', 162561),
(1929, 2011, 27, 'CARPINTERIA', '27', '0.01', '30.00', 'S', 162562),
(1930, 2012, 240, 'VTA. AL P/MENOR DE PROD. DE ALMACEN', '240', '0.01', '30.00', 'S', 162563),
(1931, 2035, 158, 'TRANSPORTE DE CARGAS', '158', '0.01', '30.00', 'S', 162564),
(1932, 2013, 27, 'CARPINTERIA', '27', '0.01', '30.00', 'S', 162565),
(1933, 2014, 110, 'PROVISION DE GAS NATURAL', '110', '0.01', '30.00', 'S', 162566),
(1934, 2015, 67, 'GOMERIA', '67', '0.01', '30.00', 'S', 162567),
(1935, 2017, 194, 'VENTA DE SODA Y AGUA', '194', '0.01', '30.00', 'S', 162568),
(1936, 2018, 158, 'TRANSPORTE DE CARGAS', '158', '0.01', '30.00', 'S', 162569),
(1937, 2019, 1, 'ACOPIO DE CEREALES', '1', '0.01', '30.00', 'S', 162570),
(1938, 2020, 96, 'PANADERIA', '96', '0.01', '30.00', 'S', 162571),
(1939, 2037, 151, 'TALLER REPARACION DE IMPL.  AGRICOLAS', '151', '0.01', '30.00', 'S', 162572),
(1940, 2038, 253, 'MAXI KIOSCO', '253', '0.01', '30.00', 'S', 162573),
(1941, 2039, 57, 'FERRETERIA', '57', '0.01', '30.00', 'S', 162574),
(1942, 2040, 108, 'PRODUCTOR AGROPECUARIO', '108', '0.01', '30.00', 'S', 162575),
(1943, 2041, 57, 'FERRETERIA', '57', '0.01', '30.00', 'S', 162576),
(1944, 2042, 290, 'MINIMERCADO', '291', '0.01', '30.00', 'S', 162577),
(1945, 2043, 69, 'HELADERIA', '69', '0.01', '30.00', 'S', 162578),
(1946, 2044, 155, 'TIENDA', '155', '0.01', '30.00', 'S', 162579),
(1947, 2045, 163, 'TRANSPORTE GRAL. DE CARGAS', '163', '0.01', '30.00', 'S', 162580),
(1948, 2046, 40, 'CORRALON', '40', '0.01', '30.00', 'S', 162581),
(1949, 2047, 51, 'FABRICA DE MOSAICOS', '51', '0.01', '30.00', 'S', 162582),
(1950, 2048, 155, 'TIENDA', '155', '0.01', '30.00', 'S', 162583),
(1951, 2049, 257, 'VTA.  P/ MAYOR DE EQUIPOS INFORMATICOS', '257', '0.01', '30.00', 'S', 162584),
(1952, 2050, 52, 'FABRICA DE MUEBLES', '52', '0.01', '30.00', 'S', 162585),
(1953, 2051, 18, 'AUTOSERVICIO', '18', '0.01', '30.00', 'S', 162586),
(1954, 2052, 205, 'VENTA DE PRENDAS DE VESTIR', '205', '0.01', '30.00', 'S', 162587),
(1955, 2053, 56, 'FARMACIA', '56', '0.01', '30.00', 'S', 162588),
(1956, 2054, 99, 'PELUQUERIA', '99', '0.01', '30.00', 'S', 162589),
(1957, 2055, 99, 'PELUQUERIA', '99', '0.01', '30.00', 'S', 162590),
(1958, 2057, 253, 'MAXI KIOSCO', '253', '0.01', '30.00', 'S', 162591),
(1959, 2058, 301, 'VTA AL P/MENOR DE ART. VARIOS', '302', '0.01', '30.00', 'S', 162592),
(1960, 2059, 240, 'VTA. AL P/MENOR DE PROD. DE ALMACEN', '240', '0.01', '30.00', 'S', 162593),
(1961, 2060, 158, 'TRANSPORTE DE CARGAS', '158', '0.01', '30.00', 'S', 162594),
(1962, 2062, 158, 'TRANSPORTE DE CARGAS', '158', '0.01', '30.00', 'S', 162595),
(1963, 2063, 240, 'VTA. AL P/MENOR DE PROD. DE ALMACEN', '240', '0.01', '30.00', 'S', 162596),
(1964, 2065, 212, 'SERVICIO DE ENZEÑANZAS N.C.P.', '212', '0.01', '30.00', 'S', 162597),
(1965, 2066, 117, 'REMISES', '117', '0.01', '30.00', 'S', 162598),
(1966, 2067, 171, 'VENTA DE ARTICULOS PARA EL HOGAR', '171', '0.01', '30.00', 'S', 162599),
(1967, 2068, 163, 'TRANSPORTE GRAL. DE CARGAS', '163', '0.01', '30.00', 'S', 162600),
(1968, 2069, 142, 'TALLER DE HERRERIA', '142', '0.01', '30.00', 'S', 162601),
(1969, 2070, 210, 'VTA.ART.P/ LA CONST. DEL HOGAR', '210', '0.01', '30.00', 'S', 162602),
(1970, 2071, 163, 'TRANSPORTE GRAL. DE CARGAS', '163', '0.01', '30.00', 'S', 162603),
(1971, 2072, 73, 'INMOBILIARIA', '73', '0.01', '30.00', 'S', 162604),
(1972, 2073, 26, 'CARNICERIA', '26', '0.01', '30.00', 'S', 162605),
(1973, 2074, 137, 'SUPERMERCADO', '137', '0.01', '30.00', 'S', 162606),
(1974, 2075, 333, 'VTA. DE FIAMBRES Y PROD.DE ROTISERIA', '334', '0.01', '30.00', 'S', 162607),
(1975, 2077, 113, 'REGALERIA', '113', '0.01', '30.00', 'S', 162608),
(1976, 2078, 334, 'FABRICA ELEM SEG INDUSTRIAL', '335', '0.01', '30.00', 'S', 162609),
(1977, 2079, 65, 'GESTORIA DEL AUTOMOTOR', '65', '0.01', '30.00', 'S', 162610),
(1978, 2080, 281, 'vta.p/mayor de prod.aliment. y bebidas', '282', '0.01', '30.00', 'S', 162611),
(1979, 2397, 20, 'BAR', '20', '0.01', '30.00', 'S', 162612),
(1980, 7257, 40, 'CORRALON', '40', '0.01', '30.00', 'S', 162613),
(1981, 2048, 155, 'TIENDA', '155', '0.01', '30.00', 'S', 162868),
(1982, 2049, 257, 'VTA.  P/ MAYOR DE EQUIPOS INFORMATICOS', '257', '0.01', '30.00', 'S', 162869),
(1983, 2050, 52, 'FABRICA DE MUEBLES', '52', '0.01', '30.00', 'S', 162870),
(1984, 2051, 18, 'AUTOSERVICIO', '18', '0.01', '30.00', 'S', 162871),
(1985, 2052, 205, 'VENTA DE PRENDAS DE VESTIR', '205', '0.01', '30.00', 'S', 162872),
(1986, 2053, 56, 'FARMACIA', '56', '0.01', '30.00', 'S', 162873),
(1987, 2054, 99, 'PELUQUERIA', '99', '0.01', '30.00', 'S', 162874),
(1988, 2055, 99, 'PELUQUERIA', '99', '0.01', '30.00', 'S', 162875),
(1989, 2057, 253, 'MAXI KIOSCO', '253', '0.01', '30.00', 'S', 162876),
(1990, 2058, 301, 'VTA AL P/MENOR DE ART. VARIOS', '302', '0.01', '30.00', 'S', 162877),
(1991, 2059, 240, 'VTA. AL P/MENOR DE PROD. DE ALMACEN', '240', '0.01', '30.00', 'S', 162878),
(1992, 2060, 158, 'TRANSPORTE DE CARGAS', '158', '0.01', '30.00', 'S', 162879),
(1993, 2062, 158, 'TRANSPORTE DE CARGAS', '158', '0.01', '30.00', 'S', 162880),
(1994, 2063, 240, 'VTA. AL P/MENOR DE PROD. DE ALMACEN', '240', '0.01', '30.00', 'S', 162881),
(1995, 2065, 212, 'SERVICIO DE ENZEÑANZAS N.C.P.', '212', '0.01', '30.00', 'S', 162882),
(1996, 2066, 117, 'REMISES', '117', '0.01', '30.00', 'S', 162883),
(1997, 2067, 171, 'VENTA DE ARTICULOS PARA EL HOGAR', '171', '0.01', '30.00', 'S', 162884),
(1998, 2068, 163, 'TRANSPORTE GRAL. DE CARGAS', '163', '0.01', '30.00', 'S', 162885),
(1999, 2069, 142, 'TALLER DE HERRERIA', '142', '0.01', '30.00', 'S', 162886),
(2000, 2070, 210, 'VTA.ART.P/ LA CONST. DEL HOGAR', '210', '0.01', '30.00', 'S', 162887),
(2001, 2071, 163, 'TRANSPORTE GRAL. DE CARGAS', '163', '0.01', '30.00', 'S', 162888),
(2002, 2072, 73, 'INMOBILIARIA', '73', '0.01', '30.00', 'S', 162889),
(2003, 2073, 26, 'CARNICERIA', '26', '0.01', '30.00', 'S', 162890),
(2004, 2074, 137, 'SUPERMERCADO', '137', '0.01', '30.00', 'S', 162891),
(2005, 2075, 333, 'VTA. DE FIAMBRES Y PROD.DE ROTISERIA', '334', '0.01', '30.00', 'S', 162892),
(2006, 2077, 113, 'REGALERIA', '113', '0.01', '30.00', 'S', 162893),
(2007, 2078, 334, 'FABRICA ELEM SEG INDUSTRIAL', '335', '0.01', '30.00', 'S', 162894),
(2008, 2079, 65, 'GESTORIA DEL AUTOMOTOR', '65', '0.01', '30.00', 'S', 162895),
(2009, 2080, 281, 'vta.p/mayor de prod.aliment. y bebidas', '282', '0.01', '30.00', 'S', 162896),
(2010, 2397, 20, 'BAR', '20', '0.01', '30.00', 'S', 162897),
(2011, 7257, 40, 'CORRALON', '40', '0.01', '30.00', 'S', 162898),
(2012, 1961, 57, 'FERRETERIA', '57', '0.01', '30.00', 'N', 162899),
(2013, 1961, 171, 'VENTA DE ARTICULOS PARA EL HOGAR', '171', '0.01', '100.00', 'S', 162899),
(2014, 1961, 105, 'PINTURERIA', '105', '0.01', '30.00', 'N', 162899),
(2015, 1961, 178, 'VENTA DE CIGARRILLOS', '178', '0.01', '30.00', 'N', 162899),
(2016, 1961, 177, 'VENTA DE CARBON', '177', '0.01', '30.00', 'N', 162899),
(2017, 1974, 20, 'BAR', '20', '0.01', '30.00', 'S', 162900),
(2018, 1964, 334, 'FABRICA ELEM SEG INDUSTRIAL', '335', '0.01', '30.00', 'S', 162901),
(2019, 1965, 148, 'TALLER MECANICO', '148', '0.01', '30.00', 'S', 162902),
(2020, 1977, 26, 'CARNICERIA', '26', '0.01', '30.00', 'S', 162903),
(2021, 1978, 253, 'MAXI KIOSCO', '253', '0.01', '30.00', 'S', 162904),
(2022, 2008, 135, 'SERVICIO Y ASESORAMIENTO AGROPECUARIO', '135', '0.01', '30.00', 'S', 162905),
(2023, 2009, 240, 'VTA. AL P/MENOR DE PROD. DE ALMACEN', '240', '0.01', '30.00', 'S', 162906),
(2024, 2010, 240, 'VTA. AL P/MENOR DE PROD. DE ALMACEN', '240', '0.01', '30.00', 'S', 162907),
(2025, 2024, 161, 'TRANSPORTE DE HACIENDA', '161', '0.01', '30.00', 'S', 162908),
(2026, 2025, 3, 'AGENCIA ESPARCIM JUEGOS DE AZAR Y APUEST', '3', '0.01', '30.00', 'S', 162909),
(2027, 2027, 159, 'TRANSPORTE DE MERCADERIA', '159', '0.01', '30.00', 'S', 162910),
(2028, 2028, 161, 'TRANSPORTE DE HACIENDA', '161', '0.01', '30.00', 'S', 162911),
(2029, 2030, 85, 'LIBRERIA', '85', '0.01', '30.00', 'S', 162912),
(2030, 2031, 157, 'TORNERIA', '157', '0.01', '30.00', 'S', 162913),
(2031, 2032, 158, 'TRANSPORTE DE CARGAS', '158', '0.01', '30.00', 'S', 162914),
(2032, 2033, 155, 'TIENDA', '155', '0.01', '30.00', 'S', 162915),
(2033, 2034, 158, 'TRANSPORTE DE CARGAS', '158', '0.01', '30.00', 'S', 162916),
(2034, 1969, 111, 'PROVISION DE LUZ ELECTRICA', '111', '0.01', '30.00', 'S', 162917),
(2035, 2011, 27, 'CARPINTERIA', '27', '0.01', '30.00', 'S', 162918),
(2036, 2012, 240, 'VTA. AL P/MENOR DE PROD. DE ALMACEN', '240', '0.01', '30.00', 'S', 162919),
(2037, 2035, 158, 'TRANSPORTE DE CARGAS', '158', '0.01', '30.00', 'S', 162920),
(2038, 2013, 27, 'CARPINTERIA', '27', '0.01', '30.00', 'S', 162921),
(2039, 2014, 110, 'PROVISION DE GAS NATURAL', '110', '0.01', '30.00', 'S', 162922),
(2040, 2015, 67, 'GOMERIA', '67', '0.01', '30.00', 'S', 162923),
(2041, 2017, 194, 'VENTA DE SODA Y AGUA', '194', '0.01', '30.00', 'S', 162924),
(2042, 2018, 158, 'TRANSPORTE DE CARGAS', '158', '0.01', '30.00', 'S', 162925),
(2043, 2019, 1, 'ACOPIO DE CEREALES', '1', '0.01', '30.00', 'S', 162926),
(2044, 2020, 96, 'PANADERIA', '96', '0.01', '30.00', 'S', 162927),
(2045, 2037, 151, 'TALLER REPARACION DE IMPL.  AGRICOLAS', '151', '0.01', '30.00', 'S', 162928),
(2046, 2038, 253, 'MAXI KIOSCO', '253', '0.01', '30.00', 'S', 162929),
(2047, 2039, 57, 'FERRETERIA', '57', '0.01', '30.00', 'S', 162930),
(2048, 2040, 108, 'PRODUCTOR AGROPECUARIO', '108', '0.01', '30.00', 'S', 162931),
(2049, 2041, 57, 'FERRETERIA', '57', '0.01', '30.00', 'S', 162932),
(2050, 2042, 290, 'MINIMERCADO', '291', '0.01', '30.00', 'S', 162933),
(2051, 2043, 69, 'HELADERIA', '69', '0.01', '30.00', 'S', 162934),
(2052, 2044, 155, 'TIENDA', '155', '0.01', '30.00', 'S', 162935),
(2053, 2045, 163, 'TRANSPORTE GRAL. DE CARGAS', '163', '0.01', '30.00', 'S', 162936),
(2054, 2046, 40, 'CORRALON', '40', '0.01', '30.00', 'S', 162937),
(2055, 2047, 51, 'FABRICA DE MOSAICOS', '51', '0.01', '30.00', 'S', 162938),
(2056, 2048, 155, 'TIENDA', '155', '0.01', '30.00', 'S', 162939),
(2057, 2049, 257, 'VTA.  P/ MAYOR DE EQUIPOS INFORMATICOS', '257', '0.01', '30.00', 'S', 162940),
(2058, 2050, 52, 'FABRICA DE MUEBLES', '52', '0.01', '30.00', 'S', 162941),
(2059, 2051, 18, 'AUTOSERVICIO', '18', '0.01', '30.00', 'S', 162942),
(2060, 2052, 205, 'VENTA DE PRENDAS DE VESTIR', '205', '0.01', '30.00', 'S', 162943),
(2061, 2053, 56, 'FARMACIA', '56', '0.01', '30.00', 'S', 162944),
(2062, 2054, 99, 'PELUQUERIA', '99', '0.01', '30.00', 'S', 162945),
(2063, 2055, 99, 'PELUQUERIA', '99', '0.01', '30.00', 'S', 162946),
(2064, 2057, 253, 'MAXI KIOSCO', '253', '0.01', '30.00', 'S', 162947),
(2065, 2058, 301, 'VTA AL P/MENOR DE ART. VARIOS', '302', '0.01', '30.00', 'S', 162948),
(2066, 2059, 240, 'VTA. AL P/MENOR DE PROD. DE ALMACEN', '240', '0.01', '30.00', 'S', 162949),
(2067, 2060, 158, 'TRANSPORTE DE CARGAS', '158', '0.01', '30.00', 'S', 162950),
(2068, 2062, 158, 'TRANSPORTE DE CARGAS', '158', '0.01', '30.00', 'S', 162951),
(2069, 2063, 240, 'VTA. AL P/MENOR DE PROD. DE ALMACEN', '240', '0.01', '30.00', 'S', 162952),
(2070, 2065, 212, 'SERVICIO DE ENZEÑANZAS N.C.P.', '212', '0.01', '30.00', 'S', 162953),
(2071, 2066, 117, 'REMISES', '117', '0.01', '30.00', 'S', 162954),
(2072, 2067, 171, 'VENTA DE ARTICULOS PARA EL HOGAR', '171', '0.01', '30.00', 'S', 162955),
(2073, 2068, 163, 'TRANSPORTE GRAL. DE CARGAS', '163', '0.01', '30.00', 'S', 162956),
(2074, 2069, 142, 'TALLER DE HERRERIA', '142', '0.01', '30.00', 'S', 162957),
(2075, 2070, 210, 'VTA.ART.P/ LA CONST. DEL HOGAR', '210', '0.01', '30.00', 'S', 162958),
(2076, 2071, 163, 'TRANSPORTE GRAL. DE CARGAS', '163', '0.01', '30.00', 'S', 162959),
(2077, 2072, 73, 'INMOBILIARIA', '73', '0.01', '30.00', 'S', 162960),
(2078, 2073, 26, 'CARNICERIA', '26', '0.01', '30.00', 'S', 162961),
(2079, 2074, 137, 'SUPERMERCADO', '137', '0.01', '30.00', 'S', 162962),
(2080, 2075, 333, 'VTA. DE FIAMBRES Y PROD.DE ROTISERIA', '334', '0.01', '30.00', 'S', 162963),
(2081, 2077, 113, 'REGALERIA', '113', '0.01', '30.00', 'S', 162964),
(2082, 2078, 334, 'FABRICA ELEM SEG INDUSTRIAL', '335', '0.01', '30.00', 'S', 162965),
(2083, 2079, 65, 'GESTORIA DEL AUTOMOTOR', '65', '0.01', '30.00', 'S', 162966),
(2084, 2080, 281, 'vta.p/mayor de prod.aliment. y bebidas', '282', '0.01', '30.00', 'S', 162967),
(2085, 2397, 20, 'BAR', '20', '0.01', '30.00', 'S', 162968),
(2086, 7257, 40, 'CORRALON', '40', '0.01', '30.00', 'S', 162969),
(2087, 1961, 57, 'FERRETERIA', '57', '0.01', '30.00', 'N', 162970),
(2088, 1961, 171, 'VENTA DE ARTICULOS PARA EL HOGAR', '171', '0.01', '100.00', 'S', 162970),
(2089, 1961, 105, 'PINTURERIA', '105', '0.01', '30.00', 'N', 162970),
(2090, 1961, 178, 'VENTA DE CIGARRILLOS', '178', '0.01', '30.00', 'N', 162970),
(2091, 1961, 177, 'VENTA DE CARBON', '177', '0.01', '30.00', 'N', 162970),
(2092, 1961, 57, 'FERRETERIA', '57', '0.01', '30.00', 'N', 159400),
(2093, 1961, 171, 'VENTA DE ARTICULOS PARA EL HOGAR', '171', '0.01', '100.00', 'S', 159400),
(2094, 1961, 105, 'PINTURERIA', '105', '0.01', '30.00', 'N', 159400),
(2095, 1961, 178, 'VENTA DE CIGARRILLOS', '178', '0.01', '30.00', 'N', 159400),
(2096, 1961, 177, 'VENTA DE CARBON', '177', '0.01', '30.00', 'N', 159400),
(2097, 1974, 20, 'BAR', '20', '0.01', '30.00', 'S', 159401),
(2098, 1964, 334, 'FABRICA ELEM SEG INDUSTRIAL', '335', '0.01', '30.00', 'S', 159402),
(2099, 1965, 148, 'TALLER MECANICO', '148', '0.01', '30.00', 'S', 159403),
(2100, 1977, 26, 'CARNICERIA', '26', '0.01', '30.00', 'S', 159404),
(2101, 1978, 253, 'MAXI KIOSCO', '253', '0.01', '30.00', 'S', 159405),
(2102, 2008, 135, 'SERVICIO Y ASESORAMIENTO AGROPECUARIO', '135', '0.01', '30.00', 'S', 159406),
(2103, 2009, 240, 'VTA. AL P/MENOR DE PROD. DE ALMACEN', '240', '0.01', '30.00', 'S', 159407),
(2104, 2010, 240, 'VTA. AL P/MENOR DE PROD. DE ALMACEN', '240', '0.01', '30.00', 'S', 159408),
(2105, 2024, 161, 'TRANSPORTE DE HACIENDA', '161', '0.01', '30.00', 'S', 159409),
(2106, 2025, 3, 'AGENCIA ESPARCIM JUEGOS DE AZAR Y APUEST', '3', '0.01', '30.00', 'S', 159410),
(2107, 2027, 159, 'TRANSPORTE DE MERCADERIA', '159', '0.01', '30.00', 'S', 159411),
(2108, 2028, 161, 'TRANSPORTE DE HACIENDA', '161', '0.01', '30.00', 'S', 159412),
(2109, 2030, 85, 'LIBRERIA', '85', '0.01', '30.00', 'S', 159413),
(2110, 2031, 157, 'TORNERIA', '157', '0.01', '30.00', 'S', 159414),
(2111, 2032, 158, 'TRANSPORTE DE CARGAS', '158', '0.01', '30.00', 'S', 159415),
(2112, 2033, 155, 'TIENDA', '155', '0.01', '30.00', 'S', 159416),
(2113, 2034, 158, 'TRANSPORTE DE CARGAS', '158', '0.01', '30.00', 'S', 159417),
(2114, 1969, 111, 'PROVISION DE LUZ ELECTRICA', '111', '0.01', '30.00', 'S', 159418),
(2115, 2011, 27, 'CARPINTERIA', '27', '0.01', '30.00', 'S', 159419),
(2116, 2012, 240, 'VTA. AL P/MENOR DE PROD. DE ALMACEN', '240', '0.01', '30.00', 'S', 159420),
(2117, 2035, 158, 'TRANSPORTE DE CARGAS', '158', '0.01', '30.00', 'S', 159421),
(2118, 2013, 27, 'CARPINTERIA', '27', '0.01', '30.00', 'S', 159422),
(2119, 2014, 110, 'PROVISION DE GAS NATURAL', '110', '0.01', '30.00', 'S', 159423),
(2120, 2015, 67, 'GOMERIA', '67', '0.01', '30.00', 'S', 159424),
(2121, 2017, 194, 'VENTA DE SODA Y AGUA', '194', '0.01', '30.00', 'S', 159425),
(2122, 2018, 158, 'TRANSPORTE DE CARGAS', '158', '0.01', '30.00', 'S', 159426),
(2123, 2019, 1, 'ACOPIO DE CEREALES', '1', '0.01', '30.00', 'S', 159427),
(2124, 2020, 96, 'PANADERIA', '96', '0.01', '30.00', 'S', 159428),
(2125, 2037, 151, 'TALLER REPARACION DE IMPL.  AGRICOLAS', '151', '0.01', '30.00', 'S', 159429),
(2126, 2038, 253, 'MAXI KIOSCO', '253', '0.01', '30.00', 'S', 159430),
(2127, 2039, 57, 'FERRETERIA', '57', '0.01', '30.00', 'S', 159431),
(2128, 2040, 108, 'PRODUCTOR AGROPECUARIO', '108', '0.01', '30.00', 'S', 159432),
(2129, 2041, 57, 'FERRETERIA', '57', '0.01', '30.00', 'S', 159433),
(2130, 2042, 290, 'MINIMERCADO', '291', '0.01', '30.00', 'S', 159434),
(2131, 2043, 69, 'HELADERIA', '69', '0.01', '30.00', 'S', 159435),
(2132, 2044, 155, 'TIENDA', '155', '0.01', '30.00', 'S', 159436),
(2133, 2045, 163, 'TRANSPORTE GRAL. DE CARGAS', '163', '0.01', '30.00', 'S', 159437),
(2134, 2046, 40, 'CORRALON', '40', '0.01', '30.00', 'S', 159438),
(2135, 2047, 51, 'FABRICA DE MOSAICOS', '51', '0.01', '30.00', 'S', 159439),
(2136, 2048, 155, 'TIENDA', '155', '0.01', '30.00', 'S', 159440),
(2137, 2049, 257, 'VTA.  P/ MAYOR DE EQUIPOS INFORMATICOS', '257', '0.01', '30.00', 'S', 159441),
(2138, 2050, 52, 'FABRICA DE MUEBLES', '52', '0.01', '30.00', 'S', 159442),
(2139, 2051, 18, 'AUTOSERVICIO', '18', '0.01', '30.00', 'S', 159443),
(2140, 2052, 205, 'VENTA DE PRENDAS DE VESTIR', '205', '0.01', '30.00', 'S', 159444),
(2141, 2053, 56, 'FARMACIA', '56', '0.01', '30.00', 'S', 159445),
(2142, 2054, 99, 'PELUQUERIA', '99', '0.01', '30.00', 'S', 159446),
(2143, 2055, 99, 'PELUQUERIA', '99', '0.01', '30.00', 'S', 159447),
(2144, 2057, 253, 'MAXI KIOSCO', '253', '0.01', '30.00', 'S', 159448),
(2145, 2058, 301, 'VTA AL P/MENOR DE ART. VARIOS', '302', '0.01', '30.00', 'S', 159449),
(2146, 2059, 240, 'VTA. AL P/MENOR DE PROD. DE ALMACEN', '240', '0.01', '30.00', 'S', 159450),
(2147, 2060, 158, 'TRANSPORTE DE CARGAS', '158', '0.01', '30.00', 'S', 159451),
(2148, 2062, 158, 'TRANSPORTE DE CARGAS', '158', '0.01', '30.00', 'S', 159452),
(2149, 2063, 240, 'VTA. AL P/MENOR DE PROD. DE ALMACEN', '240', '0.01', '30.00', 'S', 159453),
(2150, 2065, 212, 'SERVICIO DE ENZEÑANZAS N.C.P.', '212', '0.01', '30.00', 'S', 159454),
(2151, 2066, 117, 'REMISES', '117', '0.01', '30.00', 'S', 159455),
(2152, 2067, 171, 'VENTA DE ARTICULOS PARA EL HOGAR', '171', '0.01', '30.00', 'S', 159456),
(2153, 2068, 163, 'TRANSPORTE GRAL. DE CARGAS', '163', '0.01', '30.00', 'S', 159457),
(2154, 2069, 142, 'TALLER DE HERRERIA', '142', '0.01', '30.00', 'S', 159458),
(2155, 2070, 210, 'VTA.ART.P/ LA CONST. DEL HOGAR', '210', '0.01', '30.00', 'S', 159459),
(2156, 2071, 163, 'TRANSPORTE GRAL. DE CARGAS', '163', '0.01', '30.00', 'S', 159460),
(2157, 2072, 73, 'INMOBILIARIA', '73', '0.01', '30.00', 'S', 159461),
(2158, 2073, 26, 'CARNICERIA', '26', '0.01', '30.00', 'S', 159462),
(2159, 2074, 137, 'SUPERMERCADO', '137', '0.01', '30.00', 'S', 159463),
(2160, 2075, 333, 'VTA. DE FIAMBRES Y PROD.DE ROTISERIA', '334', '0.01', '30.00', 'S', 159464),
(2161, 2077, 113, 'REGALERIA', '113', '0.01', '30.00', 'S', 159465),
(2162, 2078, 334, 'FABRICA ELEM SEG INDUSTRIAL', '335', '0.01', '30.00', 'S', 159466),
(2163, 2079, 65, 'GESTORIA DEL AUTOMOTOR', '65', '0.01', '30.00', 'S', 159467),
(2164, 2080, 281, 'vta.p/mayor de prod.aliment. y bebidas', '282', '0.01', '30.00', 'S', 159468),
(2165, 2397, 20, 'BAR', '20', '0.01', '30.00', 'S', 159469),
(2166, 7257, 40, 'CORRALON', '40', '0.01', '30.00', 'S', 159470),
(2167, 1961, 57, 'FERRETERIA', '57', '0.01', '30.00', 'N', 159471),
(2168, 1961, 171, 'VENTA DE ARTICULOS PARA EL HOGAR', '171', '0.01', '100.00', 'S', 159471),
(2169, 1961, 105, 'PINTURERIA', '105', '0.01', '30.00', 'N', 159471),
(2170, 1961, 178, 'VENTA DE CIGARRILLOS', '178', '0.01', '30.00', 'N', 159471),
(2171, 1961, 177, 'VENTA DE CARBON', '177', '0.01', '30.00', 'N', 159471),
(2172, 1974, 20, 'BAR', '20', '0.01', '30.00', 'S', 159472),
(2173, 1964, 334, 'FABRICA ELEM SEG INDUSTRIAL', '335', '0.01', '30.00', 'S', 159473),
(2174, 1965, 148, 'TALLER MECANICO', '148', '0.01', '30.00', 'S', 159474),
(2175, 1977, 26, 'CARNICERIA', '26', '0.01', '30.00', 'S', 159475),
(2176, 1978, 253, 'MAXI KIOSCO', '253', '0.01', '30.00', 'S', 159476),
(2177, 2008, 135, 'SERVICIO Y ASESORAMIENTO AGROPECUARIO', '135', '0.01', '30.00', 'S', 159477),
(2178, 2009, 240, 'VTA. AL P/MENOR DE PROD. DE ALMACEN', '240', '0.01', '30.00', 'S', 159478),
(2179, 2010, 240, 'VTA. AL P/MENOR DE PROD. DE ALMACEN', '240', '0.01', '30.00', 'S', 159479),
(2180, 2024, 161, 'TRANSPORTE DE HACIENDA', '161', '0.01', '30.00', 'S', 159480),
(2181, 2025, 3, 'AGENCIA ESPARCIM JUEGOS DE AZAR Y APUEST', '3', '0.01', '30.00', 'S', 159481),
(2182, 2027, 159, 'TRANSPORTE DE MERCADERIA', '159', '0.01', '30.00', 'S', 159482),
(2183, 2028, 161, 'TRANSPORTE DE HACIENDA', '161', '0.01', '30.00', 'S', 159483),
(2184, 2030, 85, 'LIBRERIA', '85', '0.01', '30.00', 'S', 159484),
(2185, 2031, 157, 'TORNERIA', '157', '0.01', '30.00', 'S', 159485),
(2186, 2032, 158, 'TRANSPORTE DE CARGAS', '158', '0.01', '30.00', 'S', 159486),
(2187, 2033, 155, 'TIENDA', '155', '0.01', '30.00', 'S', 159487),
(2188, 2034, 158, 'TRANSPORTE DE CARGAS', '158', '0.01', '30.00', 'S', 159488),
(2189, 1969, 111, 'PROVISION DE LUZ ELECTRICA', '111', '0.01', '30.00', 'S', 159489),
(2190, 2011, 27, 'CARPINTERIA', '27', '0.01', '30.00', 'S', 159490),
(2191, 2012, 240, 'VTA. AL P/MENOR DE PROD. DE ALMACEN', '240', '0.01', '30.00', 'S', 159491),
(2192, 2035, 158, 'TRANSPORTE DE CARGAS', '158', '0.01', '30.00', 'S', 159492),
(2193, 2013, 27, 'CARPINTERIA', '27', '0.01', '30.00', 'S', 159493),
(2194, 2014, 110, 'PROVISION DE GAS NATURAL', '110', '0.01', '30.00', 'S', 159494),
(2195, 2015, 67, 'GOMERIA', '67', '0.01', '30.00', 'S', 159495),
(2196, 2017, 194, 'VENTA DE SODA Y AGUA', '194', '0.01', '30.00', 'S', 159496),
(2197, 2018, 158, 'TRANSPORTE DE CARGAS', '158', '0.01', '30.00', 'S', 159497),
(2198, 2019, 1, 'ACOPIO DE CEREALES', '1', '0.01', '30.00', 'S', 159498),
(2199, 2020, 96, 'PANADERIA', '96', '0.01', '30.00', 'S', 159499),
(2200, 2037, 151, 'TALLER REPARACION DE IMPL.  AGRICOLAS', '151', '0.01', '30.00', 'S', 159500),
(2201, 2038, 253, 'MAXI KIOSCO', '253', '0.01', '30.00', 'S', 159501),
(2202, 2039, 57, 'FERRETERIA', '57', '0.01', '30.00', 'S', 159502),
(2203, 2040, 108, 'PRODUCTOR AGROPECUARIO', '108', '0.01', '30.00', 'S', 159503),
(2204, 2041, 57, 'FERRETERIA', '57', '0.01', '30.00', 'S', 159504),
(2205, 2042, 290, 'MINIMERCADO', '291', '0.01', '30.00', 'S', 159505),
(2206, 2043, 69, 'HELADERIA', '69', '0.01', '30.00', 'S', 159506),
(2207, 2044, 155, 'TIENDA', '155', '0.01', '30.00', 'S', 159507),
(2208, 2045, 163, 'TRANSPORTE GRAL. DE CARGAS', '163', '0.01', '30.00', 'S', 159508),
(2209, 2046, 40, 'CORRALON', '40', '0.01', '30.00', 'S', 159509),
(2210, 2047, 51, 'FABRICA DE MOSAICOS', '51', '0.01', '30.00', 'S', 159510),
(2211, 2048, 155, 'TIENDA', '155', '0.01', '30.00', 'S', 159511),
(2212, 2049, 257, 'VTA.  P/ MAYOR DE EQUIPOS INFORMATICOS', '257', '0.01', '30.00', 'S', 159512),
(2213, 2050, 52, 'FABRICA DE MUEBLES', '52', '0.01', '30.00', 'S', 159513),
(2214, 2051, 18, 'AUTOSERVICIO', '18', '0.01', '30.00', 'S', 159514),
(2215, 2052, 205, 'VENTA DE PRENDAS DE VESTIR', '205', '0.01', '30.00', 'S', 159515),
(2216, 2053, 56, 'FARMACIA', '56', '0.01', '30.00', 'S', 159516),
(2217, 2054, 99, 'PELUQUERIA', '99', '0.01', '30.00', 'S', 159517),
(2218, 2055, 99, 'PELUQUERIA', '99', '0.01', '30.00', 'S', 159518),
(2219, 2057, 253, 'MAXI KIOSCO', '253', '0.01', '30.00', 'S', 159519),
(2220, 2058, 301, 'VTA AL P/MENOR DE ART. VARIOS', '302', '0.01', '30.00', 'S', 159520),
(2221, 2059, 240, 'VTA. AL P/MENOR DE PROD. DE ALMACEN', '240', '0.01', '30.00', 'S', 159521),
(2222, 2060, 158, 'TRANSPORTE DE CARGAS', '158', '0.01', '30.00', 'S', 159522),
(2223, 2062, 158, 'TRANSPORTE DE CARGAS', '158', '0.01', '30.00', 'S', 159523),
(2224, 2063, 240, 'VTA. AL P/MENOR DE PROD. DE ALMACEN', '240', '0.01', '30.00', 'S', 159524),
(2225, 2065, 212, 'SERVICIO DE ENZEÑANZAS N.C.P.', '212', '0.01', '30.00', 'S', 159525),
(2226, 2066, 117, 'REMISES', '117', '0.01', '30.00', 'S', 159526),
(2227, 2067, 171, 'VENTA DE ARTICULOS PARA EL HOGAR', '171', '0.01', '30.00', 'S', 159527),
(2228, 2068, 163, 'TRANSPORTE GRAL. DE CARGAS', '163', '0.01', '30.00', 'S', 159528),
(2229, 2069, 142, 'TALLER DE HERRERIA', '142', '0.01', '30.00', 'S', 159529),
(2230, 2070, 210, 'VTA.ART.P/ LA CONST. DEL HOGAR', '210', '0.01', '30.00', 'S', 159530),
(2231, 2071, 163, 'TRANSPORTE GRAL. DE CARGAS', '163', '0.01', '30.00', 'S', 159531),
(2232, 2072, 73, 'INMOBILIARIA', '73', '0.01', '30.00', 'S', 159532),
(2233, 2073, 26, 'CARNICERIA', '26', '0.01', '30.00', 'S', 159533),
(2234, 2074, 137, 'SUPERMERCADO', '137', '0.01', '30.00', 'S', 159534),
(2235, 2075, 333, 'VTA. DE FIAMBRES Y PROD.DE ROTISERIA', '334', '0.01', '30.00', 'S', 159535),
(2236, 2077, 113, 'REGALERIA', '113', '0.01', '30.00', 'S', 159536),
(2237, 2078, 334, 'FABRICA ELEM SEG INDUSTRIAL', '335', '0.01', '30.00', 'S', 159537),
(2238, 2079, 65, 'GESTORIA DEL AUTOMOTOR', '65', '0.01', '30.00', 'S', 159538),
(2239, 2080, 281, 'vta.p/mayor de prod.aliment. y bebidas', '282', '0.01', '30.00', 'S', 159539),
(2240, 2397, 20, 'BAR', '20', '0.01', '30.00', 'S', 159540),
(2241, 7257, 40, 'CORRALON', '40', '0.01', '30.00', 'S', 159541),
(2242, 1961, 57, 'FERRETERIA', '57', '0.01', '30.00', 'N', 159542),
(2243, 1961, 171, 'VENTA DE ARTICULOS PARA EL HOGAR', '171', '0.01', '100.00', 'S', 159542),
(2244, 1961, 105, 'PINTURERIA', '105', '0.01', '30.00', 'N', 159542),
(2245, 1961, 178, 'VENTA DE CIGARRILLOS', '178', '0.01', '30.00', 'N', 159542),
(2246, 1961, 177, 'VENTA DE CARBON', '177', '0.01', '30.00', 'N', 159542),
(2247, 1974, 20, 'BAR', '20', '0.01', '30.00', 'S', 159543),
(2248, 1964, 334, 'FABRICA ELEM SEG INDUSTRIAL', '335', '0.01', '30.00', 'S', 159544),
(2249, 1965, 148, 'TALLER MECANICO', '148', '0.01', '30.00', 'S', 159545),
(2250, 1977, 26, 'CARNICERIA', '26', '0.01', '30.00', 'S', 159546),
(2251, 1978, 253, 'MAXI KIOSCO', '253', '0.01', '30.00', 'S', 159547),
(2252, 2008, 135, 'SERVICIO Y ASESORAMIENTO AGROPECUARIO', '135', '0.01', '30.00', 'S', 159548),
(2253, 2009, 240, 'VTA. AL P/MENOR DE PROD. DE ALMACEN', '240', '0.01', '30.00', 'S', 159549),
(2254, 2010, 240, 'VTA. AL P/MENOR DE PROD. DE ALMACEN', '240', '0.01', '30.00', 'S', 159550),
(2255, 2024, 161, 'TRANSPORTE DE HACIENDA', '161', '0.01', '30.00', 'S', 159551),
(2256, 2025, 3, 'AGENCIA ESPARCIM JUEGOS DE AZAR Y APUEST', '3', '0.01', '30.00', 'S', 159552);
INSERT INTO `dri_cuota_actividad` (`id_cuota_actividad`, `id_padron`, `id_actividad`, `denominacion`, `codigo`, `alicuota`, `minimo`, `actividad_principal`, `id_cuota`) VALUES
(2257, 2027, 159, 'TRANSPORTE DE MERCADERIA', '159', '0.01', '30.00', 'S', 159553),
(2258, 2028, 161, 'TRANSPORTE DE HACIENDA', '161', '0.01', '30.00', 'S', 159554),
(2259, 2030, 85, 'LIBRERIA', '85', '0.01', '30.00', 'S', 159555),
(2260, 2031, 157, 'TORNERIA', '157', '0.01', '30.00', 'S', 159556),
(2261, 2032, 158, 'TRANSPORTE DE CARGAS', '158', '0.01', '30.00', 'S', 159557),
(2262, 2033, 155, 'TIENDA', '155', '0.01', '30.00', 'S', 159558),
(2263, 2034, 158, 'TRANSPORTE DE CARGAS', '158', '0.01', '30.00', 'S', 159559),
(2264, 1969, 111, 'PROVISION DE LUZ ELECTRICA', '111', '0.01', '30.00', 'S', 159560),
(2265, 2011, 27, 'CARPINTERIA', '27', '0.01', '30.00', 'S', 159561),
(2266, 2012, 240, 'VTA. AL P/MENOR DE PROD. DE ALMACEN', '240', '0.01', '30.00', 'S', 159562),
(2267, 2035, 158, 'TRANSPORTE DE CARGAS', '158', '0.01', '30.00', 'S', 159563),
(2268, 2013, 27, 'CARPINTERIA', '27', '0.01', '30.00', 'S', 159564),
(2269, 2014, 110, 'PROVISION DE GAS NATURAL', '110', '0.01', '30.00', 'S', 159565),
(2270, 2015, 67, 'GOMERIA', '67', '0.01', '30.00', 'S', 159566),
(2271, 2017, 194, 'VENTA DE SODA Y AGUA', '194', '0.01', '30.00', 'S', 159567),
(2272, 2018, 158, 'TRANSPORTE DE CARGAS', '158', '0.01', '30.00', 'S', 159568),
(2273, 2019, 1, 'ACOPIO DE CEREALES', '1', '0.01', '30.00', 'S', 159569),
(2274, 2020, 96, 'PANADERIA', '96', '0.01', '30.00', 'S', 159570),
(2275, 2037, 151, 'TALLER REPARACION DE IMPL.  AGRICOLAS', '151', '0.01', '30.00', 'S', 159571),
(2276, 2038, 253, 'MAXI KIOSCO', '253', '0.01', '30.00', 'S', 159572),
(2277, 2039, 57, 'FERRETERIA', '57', '0.01', '30.00', 'S', 159573),
(2278, 2040, 108, 'PRODUCTOR AGROPECUARIO', '108', '0.01', '30.00', 'S', 159574),
(2279, 2041, 57, 'FERRETERIA', '57', '0.01', '30.00', 'S', 159575),
(2280, 2042, 290, 'MINIMERCADO', '291', '0.01', '30.00', 'S', 159576),
(2281, 2043, 69, 'HELADERIA', '69', '0.01', '30.00', 'S', 159577),
(2282, 2044, 155, 'TIENDA', '155', '0.01', '30.00', 'S', 159578),
(2283, 2045, 163, 'TRANSPORTE GRAL. DE CARGAS', '163', '0.01', '30.00', 'S', 159579),
(2284, 2046, 40, 'CORRALON', '40', '0.01', '30.00', 'S', 159580),
(2285, 2047, 51, 'FABRICA DE MOSAICOS', '51', '0.01', '30.00', 'S', 159581),
(2286, 2048, 155, 'TIENDA', '155', '0.01', '30.00', 'S', 159582),
(2287, 2049, 257, 'VTA.  P/ MAYOR DE EQUIPOS INFORMATICOS', '257', '0.01', '30.00', 'S', 159583),
(2288, 2050, 52, 'FABRICA DE MUEBLES', '52', '0.01', '30.00', 'S', 159584),
(2289, 2051, 18, 'AUTOSERVICIO', '18', '0.01', '30.00', 'S', 159585),
(2290, 2052, 205, 'VENTA DE PRENDAS DE VESTIR', '205', '0.01', '30.00', 'S', 159586),
(2291, 2053, 56, 'FARMACIA', '56', '0.01', '30.00', 'S', 159587),
(2292, 2054, 99, 'PELUQUERIA', '99', '0.01', '30.00', 'S', 159588),
(2293, 2055, 99, 'PELUQUERIA', '99', '0.01', '30.00', 'S', 159589),
(2294, 2057, 253, 'MAXI KIOSCO', '253', '0.01', '30.00', 'S', 159590),
(2295, 2058, 301, 'VTA AL P/MENOR DE ART. VARIOS', '302', '0.01', '30.00', 'S', 159591),
(2296, 2059, 240, 'VTA. AL P/MENOR DE PROD. DE ALMACEN', '240', '0.01', '30.00', 'S', 159592),
(2297, 2060, 158, 'TRANSPORTE DE CARGAS', '158', '0.01', '30.00', 'S', 159593),
(2298, 2062, 158, 'TRANSPORTE DE CARGAS', '158', '0.01', '30.00', 'S', 159594),
(2299, 2063, 240, 'VTA. AL P/MENOR DE PROD. DE ALMACEN', '240', '0.01', '30.00', 'S', 159595),
(2300, 2065, 212, 'SERVICIO DE ENZEÑANZAS N.C.P.', '212', '0.01', '30.00', 'S', 159596),
(2301, 2066, 117, 'REMISES', '117', '0.01', '30.00', 'S', 159597),
(2302, 2067, 171, 'VENTA DE ARTICULOS PARA EL HOGAR', '171', '0.01', '30.00', 'S', 159598),
(2303, 2068, 163, 'TRANSPORTE GRAL. DE CARGAS', '163', '0.01', '30.00', 'S', 159599),
(2304, 2069, 142, 'TALLER DE HERRERIA', '142', '0.01', '30.00', 'S', 159600),
(2305, 2070, 210, 'VTA.ART.P/ LA CONST. DEL HOGAR', '210', '0.01', '30.00', 'S', 159601),
(2306, 2071, 163, 'TRANSPORTE GRAL. DE CARGAS', '163', '0.01', '30.00', 'S', 159602),
(2307, 2072, 73, 'INMOBILIARIA', '73', '0.01', '30.00', 'S', 159603),
(2308, 2073, 26, 'CARNICERIA', '26', '0.01', '30.00', 'S', 159604),
(2309, 2074, 137, 'SUPERMERCADO', '137', '0.01', '30.00', 'S', 159605),
(2310, 2075, 333, 'VTA. DE FIAMBRES Y PROD.DE ROTISERIA', '334', '0.01', '30.00', 'S', 159606),
(2311, 2077, 113, 'REGALERIA', '113', '0.01', '30.00', 'S', 159607),
(2312, 2078, 334, 'FABRICA ELEM SEG INDUSTRIAL', '335', '0.01', '30.00', 'S', 159608),
(2313, 2079, 65, 'GESTORIA DEL AUTOMOTOR', '65', '0.01', '30.00', 'S', 159609),
(2314, 2080, 281, 'vta.p/mayor de prod.aliment. y bebidas', '282', '0.01', '30.00', 'S', 159610),
(2315, 1961, 57, 'FERRETERIA', '57', '0.01', '30.00', 'N', 161221),
(2316, 1961, 171, 'VENTA DE ARTICULOS PARA EL HOGAR', '171', '0.01', '100.00', 'S', 161221),
(2317, 1961, 105, 'PINTURERIA', '105', '0.01', '30.00', 'N', 161221),
(2318, 1961, 178, 'VENTA DE CIGARRILLOS', '178', '0.01', '30.00', 'N', 161221),
(2319, 1961, 177, 'VENTA DE CARBON', '177', '0.01', '30.00', 'N', 161221),
(2320, 1974, 20, 'BAR', '20', '0.01', '30.00', 'S', 161222),
(2321, 1964, 334, 'FABRICA ELEM SEG INDUSTRIAL', '335', '0.01', '30.00', 'S', 161223),
(2322, 1965, 148, 'TALLER MECANICO', '148', '0.01', '30.00', 'S', 161224),
(2323, 1977, 26, 'CARNICERIA', '26', '0.01', '30.00', 'S', 161225),
(2324, 1978, 253, 'MAXI KIOSCO', '253', '0.01', '30.00', 'S', 161226),
(2325, 2008, 135, 'SERVICIO Y ASESORAMIENTO AGROPECUARIO', '135', '0.01', '30.00', 'S', 161227),
(2326, 2009, 240, 'VTA. AL P/MENOR DE PROD. DE ALMACEN', '240', '0.01', '30.00', 'S', 161228),
(2327, 2010, 240, 'VTA. AL P/MENOR DE PROD. DE ALMACEN', '240', '0.01', '30.00', 'S', 161229),
(2328, 2024, 161, 'TRANSPORTE DE HACIENDA', '161', '0.01', '30.00', 'S', 161230),
(2329, 2025, 3, 'AGENCIA ESPARCIM JUEGOS DE AZAR Y APUEST', '3', '0.01', '30.00', 'S', 161231),
(2330, 2027, 159, 'TRANSPORTE DE MERCADERIA', '159', '0.01', '30.00', 'S', 161232),
(2331, 2028, 161, 'TRANSPORTE DE HACIENDA', '161', '0.01', '30.00', 'S', 161233),
(2332, 2030, 85, 'LIBRERIA', '85', '0.01', '30.00', 'S', 161234),
(2333, 2031, 157, 'TORNERIA', '157', '0.01', '30.00', 'S', 161235),
(2334, 2032, 158, 'TRANSPORTE DE CARGAS', '158', '0.01', '30.00', 'S', 161236),
(2335, 2033, 155, 'TIENDA', '155', '0.01', '30.00', 'S', 161237),
(2336, 2034, 158, 'TRANSPORTE DE CARGAS', '158', '0.01', '30.00', 'S', 161238),
(2337, 1969, 111, 'PROVISION DE LUZ ELECTRICA', '111', '0.01', '30.00', 'S', 161239),
(2338, 2011, 27, 'CARPINTERIA', '27', '0.01', '30.00', 'S', 161240),
(2339, 2012, 240, 'VTA. AL P/MENOR DE PROD. DE ALMACEN', '240', '0.01', '30.00', 'S', 161241),
(2340, 2035, 158, 'TRANSPORTE DE CARGAS', '158', '0.01', '30.00', 'S', 161242),
(2341, 2013, 27, 'CARPINTERIA', '27', '0.01', '30.00', 'S', 161243),
(2342, 2014, 110, 'PROVISION DE GAS NATURAL', '110', '0.01', '30.00', 'S', 161244),
(2343, 2015, 67, 'GOMERIA', '67', '0.01', '30.00', 'S', 161245),
(2344, 2017, 194, 'VENTA DE SODA Y AGUA', '194', '0.01', '30.00', 'S', 161246),
(2345, 2018, 158, 'TRANSPORTE DE CARGAS', '158', '0.01', '30.00', 'S', 161247),
(2346, 2019, 1, 'ACOPIO DE CEREALES', '1', '0.01', '30.00', 'S', 161248),
(2347, 2020, 96, 'PANADERIA', '96', '0.01', '30.00', 'S', 161249),
(2348, 2037, 151, 'TALLER REPARACION DE IMPL.  AGRICOLAS', '151', '0.01', '30.00', 'S', 161250),
(2349, 2038, 253, 'MAXI KIOSCO', '253', '0.01', '30.00', 'S', 161251),
(2350, 2039, 57, 'FERRETERIA', '57', '0.01', '30.00', 'S', 161252),
(2351, 2040, 108, 'PRODUCTOR AGROPECUARIO', '108', '0.01', '30.00', 'S', 161253),
(2352, 2041, 57, 'FERRETERIA', '57', '0.01', '30.00', 'S', 161254),
(2353, 2042, 290, 'MINIMERCADO', '291', '0.01', '30.00', 'S', 161255),
(2354, 2043, 69, 'HELADERIA', '69', '0.01', '30.00', 'S', 161256),
(2355, 2044, 155, 'TIENDA', '155', '0.01', '30.00', 'S', 161257),
(2356, 2045, 163, 'TRANSPORTE GRAL. DE CARGAS', '163', '0.01', '30.00', 'S', 161258),
(2357, 2046, 40, 'CORRALON', '40', '0.01', '30.00', 'S', 161259),
(2358, 2047, 51, 'FABRICA DE MOSAICOS', '51', '0.01', '30.00', 'S', 161260),
(2359, 2048, 155, 'TIENDA', '155', '0.01', '30.00', 'S', 161261),
(2360, 2049, 257, 'VTA.  P/ MAYOR DE EQUIPOS INFORMATICOS', '257', '0.01', '30.00', 'S', 161262),
(2361, 2050, 52, 'FABRICA DE MUEBLES', '52', '0.01', '30.00', 'S', 161263),
(2362, 2051, 18, 'AUTOSERVICIO', '18', '0.01', '30.00', 'S', 161264),
(2363, 2052, 205, 'VENTA DE PRENDAS DE VESTIR', '205', '0.01', '30.00', 'S', 161265),
(2364, 2053, 56, 'FARMACIA', '56', '0.01', '30.00', 'S', 161266),
(2365, 2054, 99, 'PELUQUERIA', '99', '0.01', '30.00', 'S', 161267),
(2366, 2055, 99, 'PELUQUERIA', '99', '0.01', '30.00', 'S', 161268),
(2367, 2057, 253, 'MAXI KIOSCO', '253', '0.01', '30.00', 'S', 161269),
(2368, 2058, 301, 'VTA AL P/MENOR DE ART. VARIOS', '302', '0.01', '30.00', 'S', 161270),
(2369, 2059, 240, 'VTA. AL P/MENOR DE PROD. DE ALMACEN', '240', '0.01', '30.00', 'S', 161271),
(2370, 2060, 158, 'TRANSPORTE DE CARGAS', '158', '0.01', '30.00', 'S', 161272),
(2371, 2062, 158, 'TRANSPORTE DE CARGAS', '158', '0.01', '30.00', 'S', 161273),
(2372, 2063, 240, 'VTA. AL P/MENOR DE PROD. DE ALMACEN', '240', '0.01', '30.00', 'S', 161274),
(2373, 2065, 212, 'SERVICIO DE ENZEÑANZAS N.C.P.', '212', '0.01', '30.00', 'S', 161275),
(2374, 2066, 117, 'REMISES', '117', '0.01', '30.00', 'S', 161276),
(2375, 2067, 171, 'VENTA DE ARTICULOS PARA EL HOGAR', '171', '0.01', '30.00', 'S', 161277),
(2376, 2068, 163, 'TRANSPORTE GRAL. DE CARGAS', '163', '0.01', '30.00', 'S', 161278),
(2377, 2069, 142, 'TALLER DE HERRERIA', '142', '0.01', '30.00', 'S', 161279),
(2378, 2070, 210, 'VTA.ART.P/ LA CONST. DEL HOGAR', '210', '0.01', '30.00', 'S', 161280),
(2379, 2071, 163, 'TRANSPORTE GRAL. DE CARGAS', '163', '0.01', '30.00', 'S', 161281),
(2380, 2072, 73, 'INMOBILIARIA', '73', '0.01', '30.00', 'S', 161282),
(2381, 2073, 26, 'CARNICERIA', '26', '0.01', '30.00', 'S', 161283),
(2382, 2074, 137, 'SUPERMERCADO', '137', '0.01', '30.00', 'S', 161284),
(2383, 2075, 333, 'VTA. DE FIAMBRES Y PROD.DE ROTISERIA', '334', '0.01', '30.00', 'S', 161285),
(2384, 2077, 113, 'REGALERIA', '113', '0.01', '30.00', 'S', 161286),
(2385, 2078, 334, 'FABRICA ELEM SEG INDUSTRIAL', '335', '0.01', '30.00', 'S', 161287),
(2386, 2079, 65, 'GESTORIA DEL AUTOMOTOR', '65', '0.01', '30.00', 'S', 161288),
(2387, 2080, 281, 'vta.p/mayor de prod.aliment. y bebidas', '282', '0.01', '30.00', 'S', 161289),
(2388, 2397, 20, 'BAR', '20', '0.01', '30.00', 'S', 161290),
(2389, 7257, 40, 'CORRALON', '40', '0.01', '30.00', 'S', 161291),
(2390, 1961, 57, 'FERRETERIA', '57', '0.01', '30.00', 'N', 161292),
(2391, 1961, 171, 'VENTA DE ARTICULOS PARA EL HOGAR', '171', '0.01', '100.00', 'S', 161292),
(2392, 1961, 105, 'PINTURERIA', '105', '0.01', '30.00', 'N', 161292),
(2393, 1961, 178, 'VENTA DE CIGARRILLOS', '178', '0.01', '30.00', 'N', 161292),
(2394, 1961, 177, 'VENTA DE CARBON', '177', '0.01', '30.00', 'N', 161292),
(2395, 1974, 20, 'BAR', '20', '0.01', '30.00', 'S', 161293),
(2396, 1964, 334, 'FABRICA ELEM SEG INDUSTRIAL', '335', '0.01', '30.00', 'S', 161294),
(2397, 1965, 148, 'TALLER MECANICO', '148', '0.01', '30.00', 'S', 161295),
(2398, 1977, 26, 'CARNICERIA', '26', '0.01', '30.00', 'S', 161296),
(2399, 1978, 253, 'MAXI KIOSCO', '253', '0.01', '30.00', 'S', 161297),
(2400, 2008, 135, 'SERVICIO Y ASESORAMIENTO AGROPECUARIO', '135', '0.01', '30.00', 'S', 161298),
(2401, 2009, 240, 'VTA. AL P/MENOR DE PROD. DE ALMACEN', '240', '0.01', '30.00', 'S', 161299),
(2402, 2010, 240, 'VTA. AL P/MENOR DE PROD. DE ALMACEN', '240', '0.01', '30.00', 'S', 161300),
(2403, 2024, 161, 'TRANSPORTE DE HACIENDA', '161', '0.01', '30.00', 'S', 161301),
(2404, 2025, 3, 'AGENCIA ESPARCIM JUEGOS DE AZAR Y APUEST', '3', '0.01', '30.00', 'S', 161302),
(2405, 2027, 159, 'TRANSPORTE DE MERCADERIA', '159', '0.01', '30.00', 'S', 161303),
(2406, 2028, 161, 'TRANSPORTE DE HACIENDA', '161', '0.01', '30.00', 'S', 161304),
(2407, 2030, 85, 'LIBRERIA', '85', '0.01', '30.00', 'S', 161305),
(2408, 2031, 157, 'TORNERIA', '157', '0.01', '30.00', 'S', 161306),
(2409, 2032, 158, 'TRANSPORTE DE CARGAS', '158', '0.01', '30.00', 'S', 161307),
(2410, 2033, 155, 'TIENDA', '155', '0.01', '30.00', 'S', 161308),
(2411, 2034, 158, 'TRANSPORTE DE CARGAS', '158', '0.01', '30.00', 'S', 161309),
(2412, 1969, 111, 'PROVISION DE LUZ ELECTRICA', '111', '0.01', '30.00', 'S', 161310),
(2413, 2011, 27, 'CARPINTERIA', '27', '0.01', '30.00', 'S', 161311),
(2414, 2012, 240, 'VTA. AL P/MENOR DE PROD. DE ALMACEN', '240', '0.01', '30.00', 'S', 161312),
(2415, 2035, 158, 'TRANSPORTE DE CARGAS', '158', '0.01', '30.00', 'S', 161313),
(2416, 2013, 27, 'CARPINTERIA', '27', '0.01', '30.00', 'S', 161314),
(2417, 2014, 110, 'PROVISION DE GAS NATURAL', '110', '0.01', '30.00', 'S', 161315),
(2418, 2015, 67, 'GOMERIA', '67', '0.01', '30.00', 'S', 161316),
(2419, 2017, 194, 'VENTA DE SODA Y AGUA', '194', '0.01', '30.00', 'S', 161317),
(2420, 2018, 158, 'TRANSPORTE DE CARGAS', '158', '0.01', '30.00', 'S', 161318),
(2421, 2019, 1, 'ACOPIO DE CEREALES', '1', '0.01', '30.00', 'S', 161319),
(2422, 2020, 96, 'PANADERIA', '96', '0.01', '30.00', 'S', 161320),
(2423, 2037, 151, 'TALLER REPARACION DE IMPL.  AGRICOLAS', '151', '0.01', '30.00', 'S', 161321),
(2424, 2038, 253, 'MAXI KIOSCO', '253', '0.01', '30.00', 'S', 161322),
(2425, 2039, 57, 'FERRETERIA', '57', '0.01', '30.00', 'S', 161323),
(2426, 2040, 108, 'PRODUCTOR AGROPECUARIO', '108', '0.01', '30.00', 'S', 161324),
(2427, 2041, 57, 'FERRETERIA', '57', '0.01', '30.00', 'S', 161325),
(2428, 2042, 290, 'MINIMERCADO', '291', '0.01', '30.00', 'S', 161326),
(2429, 2043, 69, 'HELADERIA', '69', '0.01', '30.00', 'S', 161327),
(2430, 2044, 155, 'TIENDA', '155', '0.01', '30.00', 'S', 161328),
(2431, 2045, 163, 'TRANSPORTE GRAL. DE CARGAS', '163', '0.01', '30.00', 'S', 161329),
(2432, 2046, 40, 'CORRALON', '40', '0.01', '30.00', 'S', 161330),
(2433, 2047, 51, 'FABRICA DE MOSAICOS', '51', '0.01', '30.00', 'S', 161331),
(2434, 2048, 155, 'TIENDA', '155', '0.01', '30.00', 'S', 161332),
(2435, 2049, 257, 'VTA.  P/ MAYOR DE EQUIPOS INFORMATICOS', '257', '0.01', '30.00', 'S', 161333),
(2436, 2050, 52, 'FABRICA DE MUEBLES', '52', '0.01', '30.00', 'S', 161334),
(2437, 2051, 18, 'AUTOSERVICIO', '18', '0.01', '30.00', 'S', 161335),
(2438, 2052, 205, 'VENTA DE PRENDAS DE VESTIR', '205', '0.01', '30.00', 'S', 161336),
(2439, 2053, 56, 'FARMACIA', '56', '0.01', '30.00', 'S', 161337),
(2440, 2054, 99, 'PELUQUERIA', '99', '0.01', '30.00', 'S', 161338),
(2441, 2055, 99, 'PELUQUERIA', '99', '0.01', '30.00', 'S', 161339),
(2442, 2057, 253, 'MAXI KIOSCO', '253', '0.01', '30.00', 'S', 161340),
(2443, 2058, 301, 'VTA AL P/MENOR DE ART. VARIOS', '302', '0.01', '30.00', 'S', 161341),
(2444, 2059, 240, 'VTA. AL P/MENOR DE PROD. DE ALMACEN', '240', '0.01', '30.00', 'S', 161342),
(2445, 2060, 158, 'TRANSPORTE DE CARGAS', '158', '0.01', '30.00', 'S', 161343),
(2446, 2062, 158, 'TRANSPORTE DE CARGAS', '158', '0.01', '30.00', 'S', 161344),
(2447, 2063, 240, 'VTA. AL P/MENOR DE PROD. DE ALMACEN', '240', '0.01', '30.00', 'S', 161345),
(2448, 2065, 212, 'SERVICIO DE ENZEÑANZAS N.C.P.', '212', '0.01', '30.00', 'S', 161346),
(2449, 2066, 117, 'REMISES', '117', '0.01', '30.00', 'S', 161347),
(2450, 2067, 171, 'VENTA DE ARTICULOS PARA EL HOGAR', '171', '0.01', '30.00', 'S', 161348),
(2451, 2068, 163, 'TRANSPORTE GRAL. DE CARGAS', '163', '0.01', '30.00', 'S', 161349),
(2452, 2069, 142, 'TALLER DE HERRERIA', '142', '0.01', '30.00', 'S', 161350),
(2453, 2070, 210, 'VTA.ART.P/ LA CONST. DEL HOGAR', '210', '0.01', '30.00', 'S', 161351),
(2454, 2071, 163, 'TRANSPORTE GRAL. DE CARGAS', '163', '0.01', '30.00', 'S', 161352),
(2455, 2072, 73, 'INMOBILIARIA', '73', '0.01', '30.00', 'S', 161353),
(2456, 2073, 26, 'CARNICERIA', '26', '0.01', '30.00', 'S', 161354),
(2457, 2074, 137, 'SUPERMERCADO', '137', '0.01', '30.00', 'S', 161355),
(2458, 2075, 333, 'VTA. DE FIAMBRES Y PROD.DE ROTISERIA', '334', '0.01', '30.00', 'S', 161356),
(2459, 2077, 113, 'REGALERIA', '113', '0.01', '30.00', 'S', 161357),
(2460, 2078, 334, 'FABRICA ELEM SEG INDUSTRIAL', '335', '0.01', '30.00', 'S', 161358),
(2461, 2079, 65, 'GESTORIA DEL AUTOMOTOR', '65', '0.01', '30.00', 'S', 161359),
(2462, 2080, 281, 'vta.p/mayor de prod.aliment. y bebidas', '282', '0.01', '30.00', 'S', 161360),
(2463, 2397, 20, 'BAR', '20', '0.01', '30.00', 'S', 161361),
(2464, 7257, 40, 'CORRALON', '40', '0.01', '30.00', 'S', 161362),
(2465, 1961, 57, 'FERRETERIA', '57', '0.01', '30.00', 'N', 162828),
(2466, 1961, 171, 'VENTA DE ARTICULOS PARA EL HOGAR', '171', '0.01', '100.00', 'S', 162828),
(2467, 1961, 105, 'PINTURERIA', '105', '0.01', '30.00', 'N', 162828),
(2468, 1961, 178, 'VENTA DE CIGARRILLOS', '178', '0.01', '30.00', 'N', 162828),
(2469, 1961, 177, 'VENTA DE CARBON', '177', '0.01', '30.00', 'N', 162828),
(2470, 1974, 20, 'BAR', '20', '0.01', '30.00', 'S', 162829),
(2471, 1964, 334, 'FABRICA ELEM SEG INDUSTRIAL', '335', '0.01', '30.00', 'S', 162830),
(2472, 1965, 148, 'TALLER MECANICO', '148', '0.01', '30.00', 'S', 162831),
(2473, 1977, 26, 'CARNICERIA', '26', '0.01', '30.00', 'S', 162832),
(2474, 1978, 253, 'MAXI KIOSCO', '253', '0.01', '30.00', 'S', 162833),
(2475, 2008, 135, 'SERVICIO Y ASESORAMIENTO AGROPECUARIO', '135', '0.01', '30.00', 'S', 162834),
(2476, 2009, 240, 'VTA. AL P/MENOR DE PROD. DE ALMACEN', '240', '0.01', '30.00', 'S', 162835),
(2477, 2010, 240, 'VTA. AL P/MENOR DE PROD. DE ALMACEN', '240', '0.01', '30.00', 'S', 162836),
(2478, 2024, 161, 'TRANSPORTE DE HACIENDA', '161', '0.01', '30.00', 'S', 162837),
(2479, 2025, 3, 'AGENCIA ESPARCIM JUEGOS DE AZAR Y APUEST', '3', '0.01', '30.00', 'S', 162838),
(2480, 2027, 159, 'TRANSPORTE DE MERCADERIA', '159', '0.01', '30.00', 'S', 162839),
(2511, 1961, 57, 'FERRETERIA', '57', '0.01', '30.00', 'N', 164649),
(2512, 1961, 171, 'VENTA DE ARTICULOS PARA EL HOGAR', '171', '0.01', '100.00', 'S', 164649),
(2513, 1961, 105, 'PINTURERIA', '105', '0.01', '30.00', 'N', 164649),
(2514, 1961, 178, 'VENTA DE CIGARRILLOS', '178', '0.01', '30.00', 'N', 164649),
(2515, 1961, 177, 'VENTA DE CARBON', '177', '0.01', '30.00', 'N', 164649),
(2516, 1961, 57, 'FERRETERIA', '57', '0.01', '30.00', 'N', 164650),
(2517, 1961, 171, 'VENTA DE ARTICULOS PARA EL HOGAR', '171', '0.01', '100.00', 'S', 164650),
(2518, 1961, 105, 'PINTURERIA', '105', '0.01', '30.00', 'N', 164650),
(2519, 1961, 178, 'VENTA DE CIGARRILLOS', '178', '0.01', '30.00', 'N', 164650),
(2520, 1961, 177, 'VENTA DE CARBON', '177', '0.01', '30.00', 'N', 164650),
(2521, 1961, 57, 'FERRETERIA', '57', '0.01', '30.00', 'N', 164651),
(2522, 1961, 171, 'VENTA DE ARTICULOS PARA EL HOGAR', '171', '0.01', '100.00', 'S', 164651),
(2523, 1961, 105, 'PINTURERIA', '105', '0.01', '30.00', 'N', 164651),
(2524, 1961, 178, 'VENTA DE CIGARRILLOS', '178', '0.01', '30.00', 'N', 164651),
(2525, 1961, 177, 'VENTA DE CARBON', '177', '0.01', '30.00', 'N', 164651);

--
-- Volcado de datos para la tabla `dri_estudio`
--

INSERT INTO `dri_estudio` (`id_estudioc`, `Denominacion`, `usuario`, `clave`, `numero`, `email`) VALUES
(1, 'ESTUDIO EJEMPLO', 'estudio', 'estudio', '123', '213123213'),
(2, 'ESTUDIO CONTABLE GOÑI', 'ecg', 'ecg', 'EC002', ''),
(3, 'ESTUDIO CONTABLE RAZETTO IVANA', 'razetto', 'razetto', 'EC003', ''),
(4, 'ESTUDIO CONTABLE RASETTO - LUQUE', 'luquerasetto', 'luquerasetto', 'EC001', 'soniaetelluque@yahoo.com.ar'),
(5, 'ESTUDIO CONTABLE BELEN ARLORO', 'belen', 'belen', 'EC004', 'mb_arloro@hotmail.com'),
(6, 'ESTUDIO SANTICHIA', 'ecsantic', 'ecsantic', 'EC005', 'ESTUDIO.SANTICHIA@GMAIL.COM'),
(7, 'ESTUDIO CONTABLE GASTON CARNEVALI', 'ecgastonc', 'ecgastonc', 'EC006', 'gastoncarnevali@gmail.com');

--
-- Volcado de datos para la tabla `dri_estudio_padron`
--

INSERT INTO `dri_estudio_padron` (`id_negocio`, `id_estudioc`, `id_padron`) VALUES
(2, 1, 1961),
(3, 1, 6161),
(8, 2, 3777),
(9, 4, 13159),
(10, 4, 2392),
(11, 3, 2103),
(12, 4, 4392),
(15, 3, 6173),
(17, 2, 2135),
(18, 4, 2285),
(20, 4, 2345),
(22, 5, 2244),
(23, 2, 2186),
(24, 2, 2160),
(28, 2, 2123),
(29, 2, 2145),
(31, 2, 2239),
(33, 2, 2140),
(34, 4, 2265),
(35, 2, 2353),
(36, 2, 2207),
(37, 2, 2161),
(38, 2, 2136),
(39, 4, 2177),
(40, 2, 2176),
(41, 4, 2384),
(42, 4, 2106),
(43, 4, 2171),
(44, 4, 2360),
(46, 4, 2344),
(47, 5, 2227),
(48, 4, 2355),
(49, 5, 2331),
(51, 2, 2270),
(52, 2, 6210),
(53, 2, 6211),
(55, 4, 2347),
(57, 2, 2122),
(58, 2, 2190),
(59, 4, 2304),
(60, 2, 2258),
(61, 4, 2316),
(62, 3, 6220),
(65, 4, 2199),
(67, 6, 2206),
(68, 6, 2125),
(69, 5, 2328),
(70, 4, 2366),
(71, 2, 2124),
(75, 4, 2303),
(76, 5, 2241),
(82, 4, 2226),
(84, 4, 2374),
(86, 2, 2349),
(88, 2, 2134),
(90, 2, 2196),
(93, 2, 2338),
(94, 3, 6252),
(95, 2, 2197),
(96, 2, 2252),
(98, 2, 2111),
(99, 2, 2282),
(100, 6, 2358),
(101, 4, 6259),
(102, 2, 2198),
(103, 2, 2219),
(104, 2, 2203),
(105, 2, 2212),
(106, 2, 2112),
(107, 2, 2218),
(109, 4, 2204),
(110, 2, 2273),
(111, 2, 2214),
(112, 2, 2191),
(113, 3, 2102),
(115, 6, 2166),
(117, 3, 6275),
(118, 4, 2326),
(119, 2, 2271),
(120, 4, 2365),
(121, 2, 2233),
(122, 3, 2104),
(123, 4, 2310),
(124, 4, 2329),
(125, 4, 2320),
(126, 4, 2325),
(127, 4, 2210),
(128, 2, 2300),
(129, 4, 10790),
(130, 4, 2294),
(131, 4, 2119),
(132, 4, 2281),
(133, 2, 2291),
(134, 2, 2284),
(136, 2, 2378),
(137, 5, 2142),
(139, 2, 2352),
(141, 4, 2189),
(145, 4, 2245),
(147, 2, 2339),
(148, 4, 2236),
(149, 4, 2376),
(151, 3, 2130),
(152, 3, 2105),
(153, 2, 2114),
(154, 2, 6312),
(156, 4, 2195),
(157, 4, 2383),
(159, 2, 2235),
(160, 2, 2357),
(161, 4, 2371),
(163, 3, 2279),
(165, 3, 2225),
(169, 4, 2107),
(171, 2, 2290),
(172, 2, 2217),
(173, 2, 2221),
(174, 2, 2343),
(175, 4, 2220),
(176, 2, 2372),
(177, 4, 2120),
(178, 2, 2319),
(180, 3, 6338),
(181, 2, 2314),
(182, 4, 2317),
(183, 2, 2382),
(184, 4, 2133),
(185, 2, 2278),
(186, 6, 2394),
(187, 2, 2185),
(188, 2, 2356),
(191, 4, 4449),
(192, 4, 4453),
(193, 2, 4455),
(198, 4, 4465),
(200, 4, 4467),
(201, 5, 4468),
(203, 2, 4472),
(204, 6, 4477),
(205, 4, 4478),
(206, 6, 4479),
(207, 4, 4480),
(208, 3, 4481),
(212, 2, 4487),
(215, 3, 2256),
(218, 4, 4507),
(219, 2, 4508),
(220, 2, 6378),
(222, 2, 4511),
(223, 2, 4515),
(226, 4, 4524),
(233, 4, 2250),
(237, 3, 2194),
(238, 2, 2391),
(240, 2, 10792),
(241, 2, 2377),
(242, 4, 2381),
(243, 4, 2354),
(244, 2, 2313),
(245, 4, 2254),
(246, 4, 2108),
(247, 2, 2110),
(251, 4, 2126),
(255, 2, 2208),
(256, 2, 2237),
(259, 2, 2263),
(260, 2, 2264),
(261, 4, 6419),
(262, 2, 2267),
(264, 4, 2269),
(266, 4, 2275),
(267, 4, 2276),
(270, 3, 6428),
(273, 4, 2324),
(274, 2, 2335),
(275, 4, 2340),
(276, 2, 2361),
(277, 4, 2359),
(279, 4, 2385),
(281, 2, 2389),
(284, 2, 2396),
(285, 2, 2401),
(289, 4, 6032),
(292, 4, 6080),
(293, 4, 6308),
(297, 4, 6710),
(300, 4, 6393),
(301, 4, 7086),
(303, 4, 7583),
(305, 4, 7765),
(307, 6, 7944),
(311, 2, 8039),
(314, 3, 8089),
(316, 3, 6474),
(318, 2, 8467),
(321, 4, 8510),
(325, 4, 8600),
(327, 2, 8656),
(329, 4, 8699),
(333, 4, 10824),
(338, 2, 11695),
(339, 2, 11697),
(342, 3, 9662),
(343, 2, 9736),
(344, 2, 8720),
(345, 2, 12516),
(349, 2, 10732),
(351, 2, 9964),
(353, 2, 9729),
(355, 2, 2312),
(356, 2, 2352),
(359, 2, 10194),
(360, 2, 11616),
(361, 2, 12486),
(364, 2, 9149),
(366, 4, 11024),
(367, 4, 11622),
(371, 4, 2304),
(372, 4, 12758),
(373, 4, 9635),
(375, 4, 2359),
(376, 4, 10825),
(378, 4, 10066),
(379, 4, 10708),
(381, 4, 9960),
(382, 4, 9609),
(383, 4, 11153),
(385, 5, 2399),
(388, 5, 2260),
(389, 5, 10060),
(390, 5, 9430),
(391, 5, 9056),
(393, 5, 10870),
(395, 5, 11162),
(396, 5, 2311),
(397, 5, 9952),
(398, 6, 10878),
(399, 6, 10662),
(400, 6, 13123),
(401, 6, 9486),
(402, 6, 10187),
(403, 4, 11622),
(404, 3, 12575),
(405, 6, 13246),
(407, 4, 10315),
(408, 4, 9140),
(409, 2, 11115),
(413, 2, 13385),
(416, 2, 13400),
(417, 5, 13431),
(420, 7, 8710),
(421, 7, 2271),
(422, 2, 12511),
(434, 3, 6592),
(436, 4, 6594),
(440, 3, 6598),
(452, 3, 6610),
(527, 1, 6685),
(530, 4, 6688),
(532, 2, 6690),
(581, 4, 6739),
(588, 1, 6746),
(616, 4, 6774),
(617, 2, 6775),
(715, 1, 6873),
(764, 3, 6922),
(775, 4, 6933),
(808, 1, 6966),
(809, 3, 6967),
(810, 4, 6968),
(816, 3, 6974),
(817, 4, 6975),
(827, 4, 6985),
(864, 4, 7022),
(952, 2, 7110),
(966, 4, 7124),
(982, 3, 7140),
(1016, 1, 7174),
(1063, 4, 7221),
(1073, 1, 7231),
(1190, 4, 7348),
(1213, 4, 7371),
(1227, 4, 7385),
(1295, 4, 7453),
(1298, 4, 7456),
(1341, 4, 7499),
(1344, 4, 7502);

--
-- Volcado de datos para la tabla `suscriptores`
--

INSERT INTO `suscriptores` (`id`, `tributo`, `id_padron`, `fecha_alta`, `fecha_baja`) VALUES
(3, 6, 1961, '2019-01-09', '2019-01-09'),
(4, 1, 473, '2019-01-17', NULL),
(5, 1, 475, '2019-01-17', NULL),
(6, 1, 476, '2019-01-17', NULL),
(7, 1, 477, '2019-01-17', NULL),
(8, 1, 478, '2019-01-17', NULL),
(9, 1, 479, '2019-01-17', NULL),
(10, 1, 480, '2019-01-17', NULL),
(11, 1, 481, '2019-01-17', NULL),
(12, 1, 482, '2019-01-17', NULL),
(13, 1, 398, '2019-03-01', NULL);

--
-- Volcado de datos para la tabla `tributo`
--

INSERT INTO `tributo` (`id_tributo`, `descripcion`, `abreviatura`, `CAJAIMPORTE`, `REPORTE`, `TIPO_INTERES`, `INTERES`, `FORMATO`, `BONIFICACION`, `VENCE_DIAS`, `VENCE_MESES`, `INTERES_2VEN`, `NOBONIFICABLE`, `INTERES_2`, `VENCE_DIAS2`, `SUSCRIPCION`, `CORRER_VENC_DIAS`, `CORRER_VENC_FDESDE`, `CORRER_VENC_FHASTA`, `SINPUNIT_FECHA_DESDE`) VALUES
(1, 'Tasa General de Inmuebles Urbana', 'TGIU', 'N', 'TGIU_std', NULL, NULL, 'MENSUAL', '8.00', NULL, NULL, NULL, NULL, NULL, NULL, NULL, 15, '2020-04-01', '2020-04-30', NULL),
(2, 'Tasa General de Inmuebles Rural', 'TGIR', 'N', 'TGIR_std', NULL, NULL, 'CUATRIMESTRAL', '10.00', NULL, NULL, NULL, NULL, NULL, NULL, NULL, NULL, NULL, NULL, NULL),
(3, 'Tasa General de Inmuebles Suburbana', 'TGIS', 'N', 'TGIS_std', NULL, NULL, 'MENSUAL', NULL, NULL, NULL, NULL, NULL, NULL, NULL, NULL, NULL, NULL, NULL, NULL),
(5, 'Contribucion de mejoras', 'CM', 'N', 'CMEJ_std', NULL, NULL, 'MENSUAL', NULL, NULL, NULL, NULL, NULL, NULL, NULL, NULL, NULL, NULL, NULL, NULL),
(6, 'DRI', 'DRI', 'S', 'DRI_std', NULL, NULL, 'MENSUAL', NULL, NULL, NULL, NULL, NULL, NULL, NULL, NULL, 15, '2020-02-01', '2020-03-01', NULL),
(7, 'Servicios', 'SERVICIOS', 'N', 'SERV_std', NULL, NULL, 'MENSUAL', NULL, NULL, NULL, NULL, NULL, NULL, NULL, NULL, NULL, NULL, NULL, NULL),
(8, 'Cementerio Muertos', 'CEM', 'N', 'CEM_std', NULL, NULL, 'MENSUAL', NULL, NULL, NULL, NULL, NULL, NULL, NULL, NULL, NULL, NULL, NULL, NULL),
(9, 'Cementerio Destino', 'CEMDES', 'N', 'CEM_std', NULL, NULL, 'MENSUAL', NULL, NULL, NULL, NULL, NULL, NULL, NULL, NULL, NULL, NULL, NULL, NULL),
(10, 'Convenios', 'CNV', 'N', 'CNV_std', NULL, NULL, 'MENSUAL', NULL, NULL, NULL, NULL, NULL, NULL, NULL, NULL, NULL, NULL, NULL, NULL);

--
-- Volcado de datos para la tabla `user_profile`
--

INSERT INTO `user_profile` (`id`, `id_responsable`, `id_estudioc`, `tipoUsr`, `user_id`) VALUES
(1, 1051, NULL, 0, 664),
(2, 2230, NULL, 0, 665),
(3, 1051, NULL, 0, 1),
(4, NULL, 1, 1, 3),
(5, 785, NULL, 0, 4),
(6, 1676, NULL, 0, 5),
(7, 2376, NULL, 0, 6),
(8, 1107, NULL, 0, 7),
(9, 327, NULL, 0, 8),
(10, 2313, NULL, 0, 9),
(11, 1168, NULL, 0, 10),
(12, NULL, 2, 1, 11);

--
-- Volcado de datos para la tabla `web_liquidacion`
--

INSERT INTO `web_liquidacion` (`id_liquidacion`, `id_unidad`, `tipo`, `vencimiento`, `nominal`, `interes`, `total`, `pasado_a_cnv`, `fecha`, `hora`, `usuario`, `fecha_punitorios`, `punitorios`) VALUES
(1, 331, 1, '2018-11-26', '2181.95', '0.00', '2181.95', 0, '2018-11-21', '09:43:29.236000', '1051', '2018-11-21', '0.00'),
(2, 331, 1, '2019-06-18', '124.60', '0.00', '124.60', 0, '2019-06-13', '10:26:32.882000', '1051', '2019-06-13', '0.00'),
(3, 331, 1, '2019-12-21', '601.00', '159.87', '760.87', 0, '2019-12-16', '11:39:05.175000', '1051', '2019-12-16', '159.87'),
(4, 331, 1, '2019-12-21', '601.00', '159.87', '760.87', 0, '2019-12-16', '11:39:33.120000', '1051', '2019-12-16', '159.87'),
(5, 331, 1, '2020-04-11', '601.00', '139.49', '740.49', 0, '2020-04-06', '21:01:48.578000', '1051', '2020-04-06', '139.49'),
(6, 331, 1, '2020-04-11', '2087.56', '406.33', '2493.89', 0, '2020-04-06', '21:21:25.156000', '1051', '2020-04-06', '406.33'),
(7, 331, 1, '2020-04-20', '223.88', '14.21', '238.09', 0, '2020-04-15', '15:32:41.850039', '1051', '2020-04-15', '14.21'),
(8, 331, 1, '2020-04-20', '871.64', '91.11', '962.75', 0, '2020-04-15', '15:34:45.526611', '1051', '2020-04-15', '91.11'),
(9, 331, 1, '2020-04-21', '223.88', '4.99', '228.87', 0, '2020-04-16', '15:54:38.293176', '1051', '2020-04-16', '4.99'),
(10, 331, 1, '2020-04-22', '311.94', '58.36', '370.30', 0, '2020-04-17', '12:31:37.280336', '1051', '2020-04-17', '58.36'),
(11, 331, 1, '2020-04-22', '423.88', '72.53', '496.41', 0, '2020-04-17', '12:44:18.090753', '1051', '2020-04-17', '72.53'),
(12, 331, 1, '2020-04-22', '2930.88', '176.14', '3107.02', 0, '2020-04-17', '16:19:48.838021', '1051', '2020-04-17', '176.14'),
(13, 331, 1, '2020-04-22', '423.88', '72.53', '496.41', 0, '2020-04-17', '16:45:49.875641', '1051', '2020-04-17', '72.53'),
(14, 331, 1, '2020-04-22', '223.88', '5.11', '228.99', 0, '2020-04-17', '16:47:22.443451', '1051', '2020-04-17', '5.11'),
(15, 331, 1, '2020-04-22', '223.88', '5.11', '228.99', 0, '2020-04-17', '16:47:51.940230', '1051', '2020-04-17', '5.11'),
(16, 331, 1, '2020-04-22', '223.88', '5.11', '228.99', 0, '2020-04-17', '16:48:34.117529', '1051', '2020-04-17', '5.11'),
(17, 331, 1, '2020-04-25', '223.88', '24.21', '248.09', 0, '2020-04-20', '11:27:39.279312', '1051', '2020-04-20', '24.21');

--
-- Volcado de datos para la tabla `web_liquidacion_ctas`
--

INSERT INTO `web_liquidacion_ctas` (`id`, `id_liquidacion`, `id_cuota`, `tributo`, `nominal`, `interes`) VALUES
(1, 1, 152941, 6, '2181.95', '0.00'),
(2, 2, 152941, 6, '124.60', '0.00'),
(3, 3, 158485, 1, '200.00', '47.20'),
(4, 3, 158484, 1, '201.00', '53.67'),
(5, 3, 158483, 1, '200.00', '59.00'),
(6, 4, 158485, 1, '200.00', '47.20'),
(7, 4, 158484, 1, '201.00', '53.67'),
(8, 4, 158483, 1, '200.00', '59.00'),
(9, 5, 158486, 1, '200.00', '42.32'),
(10, 5, 158485, 1, '200.00', '46.40'),
(11, 5, 158484, 1, '201.00', '50.77'),
(12, 6, 163358, 1, '102.98', '2.24'),
(13, 6, 164055, 1, '111.94', '2.31'),
(14, 6, 164538, 1, '111.94', '4.18'),
(15, 6, 162234, 1, '111.94', '8.80'),
(16, 6, 160483, 1, '111.94', '13.39'),
(17, 6, 159303, 1, '111.94', '17.87'),
(18, 6, 158487, 1, '200.00', '38.20'),
(19, 6, 158486, 1, '200.00', '42.32'),
(20, 6, 158485, 1, '200.00', '46.40'),
(21, 6, 158484, 1, '201.00', '50.77'),
(22, 6, 158483, 1, '200.00', '54.12'),
(23, 6, 158386, 1, '111.94', '31.41'),
(24, 6, 158482, 1, '200.00', '58.32'),
(25, 6, 153399, 1, '111.94', '36.00'),
(26, 7, 164538, 1, '111.94', '4.81'),
(27, 7, 162234, 1, '111.94', '9.40'),
(28, 8, 163358, 1, '111.94', '2.24'),
(29, 8, 164055, 1, '111.94', '2.69'),
(30, 8, 164538, 1, '111.94', '4.81'),
(31, 8, 162234, 1, '111.94', '9.40'),
(32, 8, 160483, 1, '111.94', '13.99'),
(33, 8, 159303, 1, '111.94', '18.58'),
(34, 8, 158487, 1, '200.00', '39.40'),
(35, 9, 163358, 1, '111.94', '2.24'),
(36, 9, 164055, 1, '111.94', '2.75'),
(37, 10, 159303, 1, '111.94', '18.76'),
(38, 10, 158487, 1, '200.00', '39.60'),
(39, 11, 160483, 1, '111.94', '14.17'),
(40, 11, 159303, 1, '111.94', '18.76'),
(41, 11, 158487, 1, '200.00', '39.60'),
(42, 12, 162970, 6, '518.65', '19.35'),
(43, 12, 162543, 6, '2412.23', '156.79'),
(44, 13, 160483, 1, '111.94', '14.17'),
(45, 13, 159303, 1, '111.94', '18.76'),
(46, 13, 158487, 1, '200.00', '39.60'),
(47, 14, 163358, 1, '111.94', '2.24'),
(48, 14, 164055, 1, '111.94', '2.87'),
(49, 15, 163358, 1, '111.94', '2.24'),
(50, 15, 164055, 1, '111.94', '2.87'),
(51, 16, 163358, 1, '111.94', '2.24'),
(52, 16, 164055, 1, '111.94', '2.87'),
(53, 17, 162234, 1, '111.94', '9.81'),
(54, 17, 160483, 1, '111.94', '14.40');
COMMIT;

/*!40101 SET CHARACTER_SET_CLIENT=@OLD_CHARACTER_SET_CLIENT */;
/*!40101 SET CHARACTER_SET_RESULTS=@OLD_CHARACTER_SET_RESULTS */;
/*!40101 SET COLLATION_CONNECTION=@OLD_COLLATION_CONNECTION */;
